sample id,Haplogroup 2,Assigned Mutation,Death,Country,Earth Sciences,Region
I2731,O,O1b-F2320,3717,Vietnam,MIS 1,East Asia
I4451,K,SM-P399,2260,Vanuatu,MIS 1,Oceania
I1137,O,O2a-002611,3764,Vietnam,MIS 1,East Asia
I1781,T,T-M184,3841,Turkmenistan,MIS 1,Central Asia
I2085,E,E1b-M215,3899,Turkmenistan,MIS 1,Central Asia
I2927,J,J-M304,4413,Iran,MIS 1,Middle East
I4246,E,E1b-M35,4202,Spain,MIS 1,Western Europe
I7207,R,R1a-M420,4400,Czech Republic,MIS 1,Eastern Europe
I7208,R,R1a-M420,4330,Czech Republic,MIS 1,Eastern Europe
I7209,R,R1a-M420,4283,Czech Republic,MIS 1,Eastern Europe
I7271,R,R1b-U152,4200,Czech Republic,MIS 1,Eastern Europe
I7278,R,R1b-U152,4332,Czech Republic,MIS 1,Eastern Europe
I7041,R,R1b-M269,4000,Hungary,MIS 1,Eastern Europe
I7043,R,R1b-L51,4007,Hungary,MIS 1,Eastern Europe
I7282,R,R1b-U152,4200,Czech Republic,MIS 1,Eastern Europe
I7289,R,R1b-U152,4287,Czech Republic,MIS 1,Eastern Europe
I7210,R,R1b-U152,4070,Czech Republic,MIS 1,Eastern Europe
I7212,R,R1b-U152,4280,Czech Republic,MIS 1,Eastern Europe
I6712,R,R1b-CTS1078,4632,Russia,MIS 1,Northern Eurasia
I6711,R,R1b-M269,4750,Russia,MIS 1,Northern Eurasia
I6714,Q,Q1b-M346,4495,Russia,MIS 1,Northern Eurasia
I6718,R,R1a-M420,3509,Russia,MIS 1,Northern Eurasia
I4157,J,J2a-M410,3400,Uzbekistan,MIS 1,Central Asia
I6708,C,C2-M217,4062,Kazakhstan,MIS 1,Central Asia
I6789,R,R1a-M420,3735,Kazakhstan,MIS 1,Central Asia
I6793,R,R1a-M420,3641,Kazakhstan,MIS 1,Central Asia
I6794,R,R1a-M420,3732,Kazakhstan,MIS 1,Central Asia
I6799,R,R1a-Z93,3732,Kazakhstan,MIS 1,Central Asia
I7419,R,R2a-M124,3741,Uzbekistan,MIS 1,Central Asia
I7420,G,G2a-PF3147,3750,Uzbekistan,MIS 1,Central Asia
I7421,J,J2a-M410,3799,Uzbekistan,MIS 1,Central Asia
I7492,R,R2a-M124,3827,Uzbekistan,MIS 1,Central Asia
I7493,Q,Q2-L275,3750,Uzbekistan,MIS 1,Central Asia
I7494,J,J2a-L26,3897,Uzbekistan,MIS 1,Central Asia
I3023,I,I2a-M26,5305,Great Britain,MIS 1,Western Europe
I6696,I,I2a-P37.2,4575,Czech Republic,MIS 1,Eastern Europe
I6717,Q,Q1b-M346,3402,Russia,MIS 1,Northern Eurasia
I7042,I,I2a-P37.2,6089,Hungary,MIS 1,Eastern Europe
I7044,R,R1b-CTS1078,4300,Hungary,MIS 1,Eastern Europe
I7196,R,R1b-U106,4250,Czech Republic,MIS 1,Eastern Europe
I7197,I,I2a-P37.2,6449,Czech Republic,MIS 1,Eastern Europe
I7199,I,I2c-L596,4041,Czech Republic,MIS 1,Eastern Europe
I7202,R,R1b-S116,4250,Czech Republic,MIS 1,Eastern Europe
I7205,R,R1b-U152,4200,Czech Republic,MIS 1,Eastern Europe
I7249,R,R1b-U152,4007,Czech Republic,MIS 1,Eastern Europe
I7251,R,R1b-U152,4200,Czech Republic,MIS 1,Eastern Europe
I7269,R,R1b-U152,4200,Czech Republic,MIS 1,Eastern Europe
I7272,I,I2a-M223,5454,Czech Republic,MIS 1,Eastern Europe
I7275,R,R1b-U152,4200,Czech Republic,MIS 1,Eastern Europe
I7276,R,R1b-U152,4200,Czech Republic,MIS 1,Eastern Europe
I7279,R,R1a-M420,4200,Czech Republic,MIS 1,Eastern Europe
I7280,R,R1a-M420,4200,Czech Republic,MIS 1,Eastern Europe
I7286,R,R1b-U152,4250,Czech Republic,MIS 1,Eastern Europe
I7287,R,R1b-U152,4200,Czech Republic,MIS 1,Eastern Europe
I7288,R,R1b-M269,4200,Czech Republic,MIS 1,Eastern Europe
I7554,I,I2a-M423,5185,Great Britain,MIS 1,Western Europe
I7570,R,R1b-S116,3400,Great Britain,MIS 1,Western Europe
I7571,R,R1b-S116,3400,Great Britain,MIS 1,Western Europe
I7572,R,R1b-M529,3400,Great Britain,MIS 1,Western Europe
I7575,R,R1b-M529,3400,Great Britain,MIS 1,Western Europe
I7576,R,R1b-M529,3400,Great Britain,MIS 1,Western Europe
I7577,R,R1b-M529,3400,Great Britain,MIS 1,Western Europe
I7628,R,R1b-M529,3400,Great Britain,MIS 1,Western Europe
I7630,R,R1b-S116,3736,Great Britain,MIS 1,Western Europe
I7638,I,I2a-M223,3980,Great Britain,MIS 1,Western Europe
I7640,R,R1b-M529,3316,Great Britain,MIS 1,Western Europe
I0719,Q,Q1a-L712,505,USA,MIS 1,North America
CabecoArruda117B,I,I2a-M423,5050,Portugal,MIS 1,Western Europe
I11600,G,G2a-PF3147,5050,Portugal,MIS 1,Western Europe
CovaMoura364,I,I2a-M423,4900,Portugal,MIS 1,Western Europe
DolmenAnsiao96B,I,I2a-M26,5450,Portugal,MIS 1,Western Europe
LugarCanto45,I,I2a-M423,5950,Portugal,MIS 1,Western Europe
MonteGato104,R,R1b-S116,3535,Portugal,MIS 1,Western Europe
TV32032extra,R,R1b-L51,3550,Portugal,MIS 1,Western Europe
TV3831,R,R1b-S116,3550,Portugal,MIS 1,Western Europe
Bon001,G,G2a-L30,10032,Turkey,MIS 1,Middle East
Bon004,G,G2a-L30,10076,Turkey,MIS 1,Middle East
Tep003,G,G2a-PF3147,8505,Turkey,MIS 1,Middle East
Tep006,C,C1a-V20,8230,Turkey,MIS 1,Middle East
Ust_Ishim,NO,NO-M214,45020,Russia,MIS 3,Northern Eurasia
Enoque65,Q,Q1b-L53,3559,Brazil,MIS 1,South America
Yaghan890,Q,Q1b-M346,100,Argentina,MIS 1,South America
BC30,Q,Q1-F903,500,Mexico,MIS 1,Central America
MA577,Q,Q1b-M3,100,Argentina,MIS 1,South America
AM74,Q,Q1b-L53,100,Chile,MIS 1,South America
I2966,B,A1b-M91,8955,Malawi,MIS 1,Sub-Saharan Africa
Bar31,G,G2a-L30,8279,Turkey,MIS 1,Middle East
Klei10,G,G2a-L91,6063,Greece,MIS 1,Mediterranean
C1,O,O2a-M133,2775,Nepal,MIS 1,South Asia
AH2,J,J2b-M12,9931,Iran,MIS 1,Middle East
WC1,G,G2b-M3115,9219,Iran,MIS 1,Middle East
BerryAuBac,I,I-M170,7245,France,MIS 1,Western Europe
GoyetQ116-1,C,C1a-V20,34795,Belgium,MIS 3,Western Europe
Paglicci133,C,I-M170,32895,Italy,MIS 3,Mediterranean
Rochedane,I,I2-M438,12960,France,MIS 2,Western Europe
I2634,I,I2a-M423,5569,Great Britain,MIS 1,Western Europe
Iboussieres25-1,J,J-M304,11725,France,MIS 1,Western Europe
Iboussieres31-2,R,R-M207,11725,France,MIS 1,Western Europe
I0070,J,J2a-M319,4000,Greece,MIS 1,Mediterranean
I0073,J,J2a-L26,4000,Greece,MIS 1,Mediterranean
I9041,J,J2a-L26,3250,Greece,MIS 1,Mediterranean
I9130,G,G2a-P303,3895,Greece,MIS 1,Mediterranean
ANI153,R,R1-M173,6413,Bulgaria,MIS 1,Eastern Europe
ANI160,G,G2-P287,6542,Bulgaria,MIS 1,Eastern Europe
Bul4,I,I2a-M223,4906,Bulgaria,MIS 1,Eastern Europe
Bul6,I,I2a-M436,4450,Bulgaria,MIS 1,Eastern Europe
Bul8,I,I-M170,4450,Bulgaria,MIS 1,Eastern Europe
I0001,I,I2a-M423,8050,Luxembourg,MIS 1,Western Europe
I2405,I,I2a-M436,5128,Poland,MIS 1,Eastern Europe
I2416,R,R1b-L51,4285,Great Britain,MIS 1,Western Europe
I2421,R,R1b-S116,3794,Great Britain,MIS 1,Western Europe
I2431,G,G2a-P303,6615,Bulgaria,MIS 1,Eastern Europe
I2440,I,I-M170,4950,Poland,MIS 1,Eastern Europe
I2441,I,I2a-M223,5050,Poland,MIS 1,Eastern Europe
I2457,R,R1b-M529,4066,Great Britain,MIS 1,Western Europe
I2467,I,I2a-M223,4297,Spain,MIS 1,Western Europe
I2472,R,R1b-L51,3465,Spain,MIS 1,Western Europe
I2478,R,R1b-S116,4018,Italy,MIS 1,Mediterranean
I0126,R,R1b-CTS1078,4627,Russia,MIS 1,Eastern Europe
I0440,R,R1b-CTS1078,4727,Russia,MIS 1,Eastern Europe
I0432,R,R1a- Z93,4658,Russia,MIS 1,Eastern Europe
I0434,Q,Q1a-F1096,6906,Russia,MIS 1,Eastern Europe
I0433,R,R1a-M420,6566,Russia,MIS 1,Eastern Europe
I0122,R,R1b-M343,6807,Russia,MIS 1,Eastern Europe
I0124,R,R1b-M343,7549,Russia,MIS 1,Eastern Europe
I0370,R,R1b-CTS1078,4850,Russia,MIS 1,Eastern Europe
I0444,R,R1b-M269,5059,Russia,MIS 1,Eastern Europe
I0439,R,R1b-M269,5071,Russia,MIS 1,Eastern Europe
I0429,R,R1b-CTS1078,5079,Russia,MIS 1,Eastern Europe
I0438,R,R1b-CTS1078,4778,Russia,MIS 1,Eastern Europe
I1302,G,G2a-L30,4573,Spain,MIS 1,Western Europe
I1274,I,I2a-M436,4573,Spain,MIS 1,Western Europe
I1314,G,G2a-L30,4573,Spain,MIS 1,Western Europe
I1277,I,I2a-M223,4407,Spain,MIS 1,Western Europe
I0843,C,C1a-V20,7853,Spain,MIS 1,Western Europe
I0585,C,C1a-V20,7815,Spain,MIS 1,Western Europe
I0507,R,R1a-Z93,3704,Kazakhstan,MIS 1,Central Asia
Oase1,NO,NO-M214,39610,Romania,MIS 3,Eastern Europe
I0559,R,R1b-M343,5541,Germany,MIS 1,Western Europe
I0806,R,R1b-S116,4241,Germany,MIS 1,Western Europe
I0805,R,R1b-M269,4255,Germany,MIS 1,Western Europe
I1530,R,R1b-M269,4249,Germany,MIS 1,Western Europe
I0460,I,I2a-M223,4285,Spain,MIS 1,Western Europe
I0261,R,R1b-M343,4350,Spain,MIS 1,Western Europe
I0257,R,R1b-M343,4411,Spain,MIS 1,Western Europe
I0826,I,I2a-M436,4607,Spain,MIS 1,Western Europe
I0458,I,I2a-M223,4282,Spain,MIS 1,Western Europe
I1536,R,R1a-M420,4225,Germany,MIS 1,Western Europe
I1544,R,R1a-M420,4225,Germany,MIS 1,Western Europe
I1538,R,R1a-M420,4225,Germany,MIS 1,Western Europe
I1540,R,R1a-M420,4225,Germany,MIS 1,Western Europe
I1541,R,R1a-M420,4225,Germany,MIS 1,Western Europe
I1532,R,R1a-M420,4225,Germany,MIS 1,Western Europe
I0211,J,J-M304,8280,Russia,MIS 1,Baltic
I0061,R,R1a-M420,8280,Russia,MIS 1,Baltic
I0039,Q,Q1b-Z780,3530,Peru,MIS 1,South America
I0040,Q,Q1b-M3,5845,Peru,MIS 1,South America
I0797,T,T1a-M70,7125,Germany,MIS 1,Western Europe
I0963,J,J-M304,6950,Russia,MIS 1,Baltic
I0551,G,G2a-PF3147,5163,Germany,MIS 1,Western Europe
I0411,R,R1b-M343,7131,Spain,MIS 1,Western Europe
I0405,H,H2-P96,5700,Spain,MIS 1,Western Europe
I0174,H,H2-P96,7569,Hungary,MIS 1,Eastern Europe
I0114,I,I2a-M436,3995,Germany,MIS 1,Western Europe
I1065,R,R1a-M420,3800,Russia,MIS 1,Eastern Europe
I1084,R,R1a-M420,3800,Russia,MIS 1,Eastern Europe
I1082,R,R1a-M420,3800,Russia,MIS 1,Eastern Europe
I1055,R,R1a-Z93,3800,Russia,MIS 1,Eastern Europe
I1018,R,R1a-Z93,3800,Russia,MIS 1,Eastern Europe
I1017,Q,Q1b-M346,3791,Russia,MIS 1,Eastern Europe
I1019,R,R1a-Z93,3800,Russia,MIS 1,Eastern Europe
I1086,R,R1a-M420,3800,Russia,MIS 1,Eastern Europe
I1058,R,R1a-M420,3775,Russia,MIS 1,Eastern Europe
I1020,R,R1b-CTS1078,3843,Russia,MIS 1,Eastern Europe
I1028,R,R1b-M73,3721,Russia,MIS 1,Eastern Europe
I1064,R,R1a-Z93,3737,Russia,MIS 1,Eastern Europe
I1054,R,R1a-Z93,3769,Russia,MIS 1,Eastern Europe
I1053,R,R1a-Z93,3793,Russia,MIS 1,Eastern Europe
I1027,R,R1a-Z93,3819,Russia,MIS 1,Eastern Europe
I1056,R,R1a-M420,3741,Russia,MIS 1,Eastern Europe
I1057,R,R1a-Z93,3811,Russia,MIS 1,Eastern Europe
I0013,I,I2a-M423,7751,Sweden,MIS 1,Scandinavia
I0015,I,I2a-P37.2.,7747,Sweden,MIS 1,Scandinavia
I0012,I,I2c-L596,7595,Sweden,MIS 1,Scandinavia
I0017,I,I2a-M423,7626,Sweden,MIS 1,Scandinavia
I0309,Q,Q1b-M3,7650,Argentina,MIS 1,South America
I1357,Q,Q1b-L53,925,Peru,MIS 1,South America
I1484,Q,Q1b-M3,815,Peru,MIS 1,South America
I0238,Q,Q1-F903,8450,Peru,MIS 1,South America
I1485,Q,Q1b-M3,1060,Peru,MIS 1,South America
I0449,I,I2a-M26,6700,Hungary,MIS 1,Eastern Europe
I1388,R,R1b-L51,4246,France,MIS 1,Western Europe
I1382,R,R1b-S116,4236,France,MIS 1,Western Europe
I1381,R,R1b-L51,4100,France,MIS 1,Western Europe
I1389,R,R1b-S116,4323,France,MIS 1,Western Europe
I1390,R,R1b-S116,4383,France,MIS 1,Western Europe
I1180,T,T1a-L162,5950,Israel,MIS 1,Middle East
I1155,T,T1a-L162,5950,Israel,MIS 1,Middle East
I1172,T,T1a-L162,5950,Israel,MIS 1,Middle East
I1171,E,E1b-PF1961,5950,Israel,MIS 1,Middle East
I1170,T,T1a-L162,5950,Israel,MIS 1,Middle East
I1178,T,T1a-L162,5950,Israel,MIS 1,Middle East
I1123,Q,Q1a-F1096,315,USA,MIS 1,North America
I1124,Q,Q1a-L712,230,USA,MIS 1,North America
I1129,Q,Q1a-M25,395,USA,MIS 1,North America
I1125,Q,Q1a-B277,575,USA,MIS 1,North America
I0719,Q,Q1a-L712,505,USA,MIS 1,North America
I1102,C,C1a-V20,8300,Turkey,MIS 1,Middle East
I1099,G,G2a-L91,8300,Turkey,MIS 1,Middle East
I1103,G,G2a-L91,8300,Turkey,MIS 1,Middle East
I1101,H,H2-P96,8300,Turkey,MIS 1,Middle East
I1097,G,G2a-P303,8288,Turkey,MIS 1,Middle East
I0744,G,G2a-P303,8273,Turkey,MIS 1,Middle East
I1096,I,I2c-L596,8300,Turkey,MIS 1,Middle East
I0708,J,J2a-M410,8097,Turkey,MIS 1,Middle East
I0745,H,H2-P96,8251,Turkey,MIS 1,Middle East
I0746,G,G2a-P303,7930,Turkey,MIS 1,Middle East
I0709,H,H2-P96,8086,Turkey,MIS 1,Middle East
I1634,L,L1a-M27,6145,Armenia,MIS 1,Caucasus
I1632,L,L1a-M27,6065,Armenia,MIS 1,Caucasus
I1635,R,R1b-M343,4492,Armenia,MIS 1,Caucasus
I0633,G,G2a-PF3147,7440,Serbia,MIS 1,Eastern Europe
I0634,G,G2a-PF3147,6557,Serbia,MIS 1,Eastern Europe
I1131,G,G2a-PF3147,6483,Serbia,MIS 1,Eastern Europe
I1407,L,L1a-M27,5875,Armenia,MIS 1,Caucasus
I1705,J,J1-M267,4032,Jordan,MIS 1,Middle East
I1496,C,C1a-V20,7052,Hungary,MIS 1,Eastern Europe
I0676,G,G2a-P303,7807,Macedonia,MIS 1,Eastern Europe
I1734,R,R1b-V88,9202,Ukraine,MIS 1,Eastern Europe
I1738,I,I2a-M223,7350,Ukraine,MIS 1,Eastern Europe
I1524,Q,Q1a-B277,940,Russia,MIS 1,Northern Eurasia
I1710,E,E1b-M35,9580,Jordan,MIS 1,Middle East
I1707,T,T-M184,9582,Jordan,MIS 1,Middle East
I1730,J,J2b-M12,4344,Jordan,MIS 1,Middle East
I1662,J,J-M304,6672,Iran,MIS 1,Middle East
I1674,G,G1-M285,5836,Iran,MIS 1,Middle East
I1671,G,G2a-P15,7698,Iran,MIS 1,Middle East
MA1,R,R-M207,24305,Russia,MIS 2,Northern Eurasia
AfontovaGora2,R,Q1a1-F746,16710,Russia,MIS 2,Northern Eurasia
Inuk,Q,Q1a-B143,3885,Greenland,MIS 1,North America
I1504,J,J2a-L26,3140,Hungary,MIS 1,Eastern Europe
I1503,N,N-M231,2855,Hungary,MIS 1,Eastern Europe
I1507,I,I2a-P37.2,7660,Hungary,MIS 1,Eastern Europe
I1500,C,C1a-V20,7050,Hungary,MIS 1,Eastern Europe
I1495,I,I2a-P37.2,6374,Hungary,MIS 1,Eastern Europe
Botocudo15.SG,C,C1b-M208,300,Brazil,MIS 1,South America
Botocudo17.SG,C,C1b-M208,300,Brazil,MIS 1,South America
StoraForvar11,I,I-M170,7325,Sweden,MIS 1,Scandinavia
Ajvide52,I,I-M170,4700,Sweden,MIS 1,Scandinavia
Ajvide58,I,I2a-M423,4700,Sweden,MIS 1,Scandinavia
Gokhem4,I,I2-M438,4850,Sweden,MIS 1,Scandinavia
Iceman,G,G2a-L91,5244,Italy,MIS 1,Mediterranean
I0585,C,C1a-V20,7815,Spain,MIS 1,Western Europe
I0061,R,R1a-M420,8280,Russia,MIS 1,Baltic
RISE47,R,R1b-M269,3362,Denmark,MIS 1,Scandinavia
RISE61,R,R1a-M420,4622,Denmark,MIS 1,Scandinavia
RISE94,R,R1a-M420,4497,Sweden,MIS 1,Scandinavia
RISE98,R,R1b-U106,4104,Sweden,MIS 1,Scandinavia
RISE175,I,I-M170,3214,Sweden,MIS 1,Scandinavia
RISE179,I,I-M170,3843,Sweden,MIS 1,Scandinavia
RISE210,I,I-M170,3312,Sweden,MIS 1,Scandinavia
RISE247,I,I2a-M223,3629,Hungary,MIS 1,Eastern Europe
RISE254,I,I-M170,3969,Hungary,MIS 1,Eastern Europe
RISE276,R,R1b-M269,2621,Denmark,MIS 1,Scandinavia
RISE374,G,G2a-L91,3693,Hungary,MIS 1,Eastern Europe
RISE386,R,R1a-M420,4122,Russia,MIS 1,Eastern Europe
RISE392,R,R1a-M420,3961,Russia,MIS 1,Northern Eurasia
RISE397,R,R1b-CTS1078,2902,Armenia,MIS 1,Caucasus
RISE408,J,J-M304,3059,Armenia,MIS 1,Caucasus
RISE413,R,R1b-M343,3752,Armenia,MIS 1,Caucasus
RISE423,E,E1b-PF1961,3257,Armenia,MIS 1,Caucasus
RISE431,R,R1b-M343,4117,Poland,MIS 1,Eastern Europe
RISE436,R,R1b-M343,4674,Germany,MIS 1,Western Europe
RISE446,R,R1a-M420,4597,Germany,MIS 1,Western Europe
RISE471,R,R1b-L51,3555,Germany,MIS 1,Western Europe
RISE479,I,I2a-M26,3700,Hungary,MIS 1,Eastern Europe
RISE486,I,I2a-M26,3904,Italy,MIS 1,Mediterranean
RISE487,I,I-M170,5245,Italy,MIS 1,Mediterranean
RISE489,I,I2a-M26,4693,Italy,MIS 1,Mediterranean
RISE493,Q,Q1a-L712,3429,Russia,MIS 1,Eastern Europe
I3425,R,R1a-M420,3292,Russia,MIS 1,Eastern Europe
RISE495,R,R1a-Z93,3100,Russia,MIS 1,Northern Eurasia
RISE512,R,R1a-M420,3322,Russia,MIS 1,Northern Eurasia
RISE525,R,R1a-M420,3000,Russia,MIS 1,Eastern Europe
RISE546,R,R1b-M269,4850,Russia,MIS 1,Eastern Europe
RISE547,R,R1b-CTS1078,4711,Russia,MIS 1,Eastern Europe
RISE548,R,R1b-CTS1078,4850,Russia,MIS 1,Eastern Europe
RISE550,R,R1b-M269,4935,Russia,MIS 1,Eastern Europe
RISE552,I,I2a-M223,4446,Russia,MIS 1,Eastern Europe
RISE554,N,N1a-P43,2875,Russia,MIS 1,Northern Eurasia
RISE555,R,R1b-M269,4627,Russia,MIS 1,Eastern Europe
I4132,R,R1b-M269,4200,Germany,MIS 1,Western Europe
I4144,R,R1b-U152,4492,Germany,MIS 1,Western Europe
I4134,R,R1b-L51,4200,Germany,MIS 1,Western Europe
I4145,R,R1b-L51,4106,Czech Republic,MIS 1,Eastern Europe
I0237,Q,Q1b-L53,860,Peru,MIS 1,South America
I0867,H,H2-P96,8700,Israel,MIS 1,Middle East
I1165,T,T1a-L162,5950,Israel,MIS 1,Middle East
I1303,I,I2a-M26,4573,Spain,MIS 1,Western Europe
I0374,R,R1b-CTS1078,4350,Russia,MIS 1,Eastern Europe
I0423,R,R1a- Z93,3475,Russia,MIS 1,Eastern Europe
I0443,R,R1b-M269,4850,Russia,MIS 1,Eastern Europe
I0861,E,E1b-PF1961,12750,Israel,MIS 2,Middle East
I1160,T,T1a-L162,5950,Israel,MIS 1,Middle East
I1166,T,T1a-L162,5950,Israel,MIS 1,Middle East
I0172,I,I2a-M423,5173,Germany,MIS 1,Western Europe
I0412,I,I2a-M423,7144,Spain,MIS 1,Western Europe
I0038,Q,Q1b-Z780,8625,Peru,MIS 1,South America
I0104,R,R1a-M420,4378,Germany,MIS 1,Western Europe
I0116,I,I2c-L596,3987,Germany,MIS 1,Western Europe
I0406,I,I2a-M223,5700,Spain,MIS 1,Western Europe
I0410,R,R1b-M343,7130,Spain,MIS 1,Western Europe
kennewick,Q,Q1b-M848,8770,USA,MIS 1,North America
I1496,C,C1a-V20,7052,Hungary,MIS 1,Eastern Europe
Villabruna,R,R1b-L278,13980,Italy,MIS 2,Mediterranean
Kostenki12,C,C-M130,32415,Russia,MIS 3,Eastern Europe
Vestonice16,C,C1a-V20,30010,Czech Republic,MIS 3,Eastern Europe
Kostenki14,C,C1b-F1370,37470,Russia,MIS 3,Eastern Europe
Pavlov1,I,I-M170,30260,Czech Republic,MIS 3,Eastern Europe
Vestonice13,C,C-M130,30870,Czech Republic,MIS 3,Eastern Europe
Vestonice43,F,F-M89,30010,Czech Republic,MIS 3,Eastern Europe
I1577,I,I-M170,30950,Austria,MIS 3,Western Europe
I0308,Q,Q1b-M3,7435,Argentina,MIS 1,South America
I1893,G,G2a-L30,6889,Hungary,MIS 1,Eastern Europe
I1904,G,G2a-PF3170,7028,Hungary,MIS 1,Eastern Europe
I1593,R,R1b-V88,5601,Germany,MIS 1,Western Europe
I1565,I,I2a-P37.2.,5735,Germany,MIS 1,Western Europe
I5950,E,E1b-P2,4472,Ethiopia,MIS 1,Sub-Saharan Africa
ATP17,I,I2a-M223,4889,Spain,MIS 1,Western Europe
I1876,G,G2a-PF3170,7544,Hungary,MIS 1,Eastern Europe
I1882,G,G2a-P303,7050,Hungary,MIS 1,Eastern Europe
I1926,G,G2a-P303,5736,Ukraine,MIS 1,Eastern Europe
I2062,R,R1b-M269,3197,Israel,MIS 1,Middle East
I2071,R,R1b-CTS1078,4968,Russia,MIS 1,Northern Eurasia
I2110,G,G2a-P303,5735,Ukraine,MIS 1,Eastern Europe
I2111,G,G2a-P15,5647,Ukraine,MIS 1,Eastern Europe
I2163,R,R1a-Z93,3638,Bulgaria,MIS 1,Eastern Europe
I2165,I,I2a-M223,4908,Bulgaria,MIS 1,Eastern Europe
I2353,I,I2-M438,6200,Hungary,MIS 1,Eastern Europe
I2354,G,G2a-P303,6200,Hungary,MIS 1,Eastern Europe
I2356,G,G2a-L30,6200,Hungary,MIS 1,Eastern Europe
I2364,H,H2-P96,4215,Hungary,MIS 1,Eastern Europe
I2368,G,G2a-P303,5025,Hungary,MIS 1,Eastern Europe
I2369,G,G2a-P303,5185,Hungary,MIS 1,Eastern Europe
I2371,G,G2a-PF3147,5179,Hungary,MIS 1,Eastern Europe
I2375,I,I2a-M223,7050,Hungary,MIS 1,Eastern Europe
I2377,I,I2a-M223,7025,Hungary,MIS 1,Eastern Europe
I2379,I,I2a-M223,7011,Hungary,MIS 1,Eastern Europe
I2394,C,C1a-V20,6238,Hungary,MIS 1,Eastern Europe
I2395,G,G2a-L30,6200,Hungary,MIS 1,Eastern Europe
I0056,G,G2a-PF3147,7061,Germany,MIS 1,Western Europe
I1072,E,E1b-PF1961,12750,Israel,MIS 2,Middle East
Bichon,I,I2a-P37.2,13665,Switzerland,MIS 2,Western Europe
KK1,J,J2a-M410,9720,Georgia,MIS 1,Caucasus
SATP,J,J1-M267,13255,Georgia,MIS 2,Caucasus
UCT386,A,A1b-M51,1970,South Africa,MIS 1,Sub-Saharan Africa
KhoesanLeipzigHunter,A,A1b-M51,2103,South Africa,MIS 1,Sub-Saharan Africa
rath1,R,R1b-M529,3906,Ireland,MIS 1,Western Europe
rath2,R,R1b-M529,3833,Ireland,MIS 1,Western Europe
rath3,R,R1b-M529,3585,Ireland,MIS 1,Western Europe
I17268,I,I1-M253,1170,Great Britain,MIS 1,Western Europe
I2230,Q,Q1b-Z780,8670,Argentina,MIS 1,South America
I2232,Q,Q1a-F1096,8360,Argentina,MIS 1,South America
I2261,Q,Q1b-M3,4105,Peru,MIS 1,South America
I2537,Q,Q1b-L53,645,Chile,MIS 1,South America
I2445,R,R1b-M529,4114,Great Britain,MIS 1,Western Europe
I2452,R,R1b-M529,4049,Great Britain,MIS 1,Western Europe
I2453,R,R1b-M529,4115,Great Britain,MIS 1,Western Europe
I1877,G,G2a-L30,7580,Hungary,MIS 1,Eastern Europe
I3788,R,R1a-Z93,3558,Kazakhstan,MIS 1,Central Asia
I3860,R,R1a-Z93,3626,Kazakhstan,MIS 1,Central Asia
I3767,R,R1a-Z93,3717,Kazakhstan,MIS 1,Central Asia
I3499,R,R1b-CTS1078,4725,Croatia,MIS 1,Eastern Europe
I2020,G,G2a-PF3147,7125,Germany,MIS 1,Western Europe
I3151,E,E-M96,5750,Ukraine,MIS 1,Eastern Europe
I3272,I,I2a-M436,5033,Spain,MIS 1,Western Europe
I3486,R,R1b-M343,3600,Spain,MIS 1,Western Europe
I3487,R,R1b-L51,3626,Spain,MIS 1,Western Europe
I3488,R,R1b-M269,3600,Spain,MIS 1,Western Europe
I3498,C,C-M130,7698,Croatia,MIS 1,Eastern Europe
I3528,G,G2a-L91,4380,Hungary,MIS 1,Eastern Europe
I3599,R,R1b-S116,4175,Germany,MIS 1,Western Europe
I3604,R,R1b-M343,4200,Germany,MIS 1,Western Europe
I3607,R,R1b-M343,4200,Germany,MIS 1,Western Europe
I3875,R,R1b-U152,3991,France,MIS 1,Western Europe
I3879,G,G2a-P303,7828,Bulgaria,MIS 1,Eastern Europe
I3269,I,I2a-M223,5000,Spain,MIS 1,Western Europe
I2977,I,I2a-M436,4836,Great Britain,MIS 1,Western Europe
I2978,I,I2a-M423,5129,Great Britain,MIS 1,Western Europe
I3133,I,I2a-M423,5455,Great Britain,MIS 1,Western Europe
I3256,R,R1b-M529,4067,Great Britain,MIS 1,Western Europe
I2979,I,I2a-M423,5087,Great Britain,MIS 1,Western Europe
I3134,I,I2a-M223,5456,Great Britain,MIS 1,Western Europe
I3135,I,I2a-M223,5463,Great Britain,MIS 1,Western Europe
I3132,R,R1b-M529,3954,Great Britain,MIS 1,Western Europe
I3389,R,R1a-M420,3600,Russia,MIS 1,Northern Eurasia
I3392,R,R1a-M420,3600,Russia,MIS 1,Northern Eurasia
I3394,R,R1a-Z93,3600,Russia,MIS 1,Northern Eurasia
I3396,R,R1a-M420,3600,Russia,MIS 1,Northern Eurasia
I3949,Q,Q1b-M346,4618,Russia,MIS 1,Northern Eurasia
I3947,C,C1a-V20,7836,Croatia,MIS 1,Eastern Europe
I3948,E,E1b-L618,7860,Croatia,MIS 1,Eastern Europe
I3950,Q,Q1b-M346,4707,Russia,MIS 1,Northern Eurasia
I3770,R,R1a-Z93,3986,Kazakhstan,MIS 1,Central Asia
I3391,R,R1a-Z93,3600,Russia,MIS 1,Northern Eurasia
I3393,R,R1a-M420,3600,Russia,MIS 1,Northern Eurasia
I3494,R,R1b-S116,3787,Spain,MIS 1,Western Europe
I3068,I,I2a-M223,5557,Great Britain,MIS 1,Western Europe
I2365,R,R1b-U152,4285,Hungary,MIS 1,Eastern Europe
I2403,I,I2a-M223,4673,Poland,MIS 1,Eastern Europe
I3588,R,R1b-L51,4175,Germany,MIS 1,Western Europe
I3589,R,R1b-U152,4175,Germany,MIS 1,Western Europe
I3714,I,I2a-M223,7100,Ukraine,MIS 1,Eastern Europe
I3715,I,I2a-M223,7529,Ukraine,MIS 1,Eastern Europe
I3717,I,I2a-M223,7289,Ukraine,MIS 1,Eastern Europe
I3753,R,R1a-M420,2976,Kazakhstan,MIS 1,Central Asia
I3756,R,R1b-S116,3848,Spain,MIS 1,Western Europe
I3763,R,R1a-Z93,3476,Kazakhstan,MIS 1,Central Asia
I3976,Q,Q1b-L330,3051,Kazakhstan,MIS 1,Central Asia
I3977,R,R1b-M73,3013,Kazakhstan,MIS 1,Central Asia
I4068,R,R1b-S116,3992,Netherlands,MIS 1,Western Europe
I4069,R,R1b-S116,3988,Netherlands,MIS 1,Western Europe
I4070,R,R1b-U106,3714,Netherlands,MIS 1,Western Europe
I4073,R,R1b-S116,4000,Netherlands,MIS 1,Western Europe
I4085,R,R2a-M124,5450,Turkmenistan,MIS 1,Central Asia
I4087,R,R2a-M124,5450,Turkmenistan,MIS 1,Central Asia
I4089,C,C1a-V20,5653,Romania,MIS 1,Eastern Europe
I4112,R,R-M207,7100,Ukraine,MIS 1,Eastern Europe
I4114,R,R1b-M343,7351,Ukraine,MIS 1,Eastern Europe
I4153,R,R1a-M420,3050,Uzbekistan,MIS 1,Central Asia
I4159,J,J2a-L26,3400,Uzbekistan,MIS 1,Central Asia
I4167,I,I-M170,6624,Croatia,MIS 1,Eastern Europe
I4178,R,R1b-M269,4300,Hungary,MIS 1,Eastern Europe
I4188,I,I2a-M223,7050,Hungary,MIS 1,Eastern Europe
I4251,R,R1b-M269,4242,Poland,MIS 1,Eastern Europe
I4253,R,R1b-M269,4283,Poland,MIS 1,Eastern Europe
I4255,R,R1a-M420,3050,Uzbekistan,MIS 1,Central Asia
I4262,R,R1a-Z93,3738,Kazakhstan,MIS 1,Central Asia
I4263,R,R1a-Z93,3700,Kazakhstan,MIS 1,Central Asia
I4265,R,R1a-Z93,3534,Kazakhstan,MIS 1,Central Asia
I4267,R,R1a-Z93,3053,Kazakhstan,MIS 1,Central Asia
I4285,L,L1a-M2481,3717,Uzbekistan,MIS 1,Central Asia
I1594,R,R1b-M343,5131,Germany,MIS 1,Western Europe
I1752,Q,Q1b-M3,595,Chile,MIS 1,South America
I1753,Q,Q1b-L54,5095,Chile,MIS 1,South America
I1754,Q,Q1b-Z780,825,Chile,MIS 1,South America
I1763,I,I2a-P37.2,10074,Ukraine,MIS 1,Eastern Europe
I1767,I,I2a-M223,4035,Great Britain,MIS 1,Western Europe
I1775,R,R1b-S116,3597,Great Britain,MIS 1,Western Europe
I1784,J,J1-M267,4066,Turkmenistan,MIS 1,Central Asia
I1819,R,R1a-M420,10643,Ukraine,MIS 1,Eastern Europe
I1821,R,R1a-M420,3509,Russia,MIS 1,Northern Eurasia
I1836,R,R1b-L51,3544,Spain,MIS 1,Western Europe
I1840,R,R1b-L51,3507,Spain,MIS 1,Western Europe
I1851,R,R1a-M420,3485,Russia,MIS 1,Northern Eurasia
I1856,R,R1a-Z93,3558,Russia,MIS 1,Northern Eurasia
I1887,H,H2-P96,7150,Hungary,MIS 1,Eastern Europe
I1889,G,G2a-PF3147,6977,Hungary,MIS 1,Eastern Europe
I1896,G,G2a-P303,7150,Hungary,MIS 1,Eastern Europe
I1899,C,C1a-V20,6380,Hungary,MIS 1,Eastern Europe
I1900,E,E1b-L618,6691,Hungary,MIS 1,Eastern Europe
I1901,G,G2a-PF3170,6600,Hungary,MIS 1,Eastern Europe
I1903,H,H2-P96,6600,Hungary,MIS 1,Eastern Europe
I1975,I,I2a-M436,4942,Spain,MIS 1,Western Europe
I2464,R,R1b-L51,3630,Great Britain,MIS 1,Western Europe
I2510,G,G2a-L91,4758,Bulgaria,MIS 1,Eastern Europe
I2514,T,T1a-M70,4341,Iran,MIS 1,Middle East
I2520,H,H2-P96,5132,Bulgaria,MIS 1,Eastern Europe
I2532,G,G2a-P303,7621,Romania,MIS 1,Eastern Europe
I2565,R,R1b-M529,4255,Great Britain,MIS 1,Western Europe
I2566,R,R1b-S116,4070,Great Britain,MIS 1,Western Europe
I2567,R,R1b-S116,4030,Great Britain,MIS 1,Western Europe
I2568,R,R1b-M529,4113,Great Britain,MIS 1,Western Europe
I2569,R,R1b-S116,3978,Great Britain,MIS 1,Western Europe
I2596,R,R1b-M529,4105,Great Britain,MIS 1,Western Europe
I2598,R,R1b-L51,3990,Great Britain,MIS 1,Western Europe
I2602,R,R1b-S116,3745,Great Britain,MIS 1,Western Europe
I2618,R,R1b-L51,3993,Great Britain,MIS 1,Western Europe
I2630,I,I2a-M423,4472,Great Britain,MIS 1,Western Europe
I2631,I,I2a-M423,4952,Great Britain,MIS 1,Western Europe
I2635,I,I2a-M423,5471,Great Britain,MIS 1,Western Europe
I2637,I,I2a-M423,5375,Great Britain,MIS 1,Western Europe
I2650,I,I2a-M223,5380,Great Britain,MIS 1,Western Europe
I2653,R,R1b-M529,3211,Great Britain,MIS 1,Western Europe
I2655,I,I2a-M223,3308,Great Britain,MIS 1,Western Europe
I2660,I,I2a-M223,5383,Great Britain,MIS 1,Western Europe
I2691,I,I2a-M223,5620,Great Britain,MIS 1,Western Europe
I2741,I,I2a-M26,4256,Hungary,MIS 1,Eastern Europe
I2743,G,G2a-P303,7050,Hungary,MIS 1,Eastern Europe
I2744,G,G2a-P303,7050,Hungary,MIS 1,Eastern Europe
I2752,I,I2-M438,5175,Hungary,MIS 1,Eastern Europe
I2753,I,I2a-M26,5081,Hungary,MIS 1,Eastern Europe
I2754,I,I2-M438,5131,Hungary,MIS 1,Eastern Europe
I2783,C,C1a-V20,6046,Hungary,MIS 1,Eastern Europe
I2787,R,R1b-CTS1078,4280,Hungary,MIS 1,Eastern Europe
I2788,G,G2a-P303,5730,Hungary,MIS 1,Eastern Europe
I2789,I,I2c-L596,5650,Hungary,MIS 1,Eastern Europe
I2796,I,I2a-M423,5571,Great Britain,MIS 1,Western Europe
I2859,R,R1b-M529,2811,Great Britain,MIS 1,Western Europe
I2860,R,R1b-S116,2843,Great Britain,MIS 1,Western Europe
I2923,L,L2-L595,4707,Iran,MIS 1,Middle East
I2932,I,I2a-M423,4409,Great Britain,MIS 1,Western Europe
I2933,I,I2a-M223,4898,Great Britain,MIS 1,Western Europe
I2935,I,I2a-M423,5123,Great Britain,MIS 1,Western Europe
I3041,I,I2a-M223,5440,Great Britain,MIS 1,Western Europe
I3597,R,R1b-U152,4175,Germany,MIS 1,Western Europe
I3713,I,I-M170,7001,Ukraine,MIS 1,Eastern Europe
I3716,I,I2-M438,7349,Ukraine,MIS 1,Eastern Europe
Tianyuan,K,K2b-P331,39475,China,MIS 3,East Asia
Lapa14,Q,Q1b-M930,9510,Brazil,MIS 1,South America
Lapa01,C,C2b-L1373,9880,Brazil,MIS 1,South America
Lapa15,Q,Q1b-M3,9605,Brazil,MIS 1,South America
I1819,R,R1a-M420,10643,Ukraine,MIS 1,Eastern Europe
I1378,I,I2a-M223,7250,Ukraine,MIS 1,Eastern Europe
I4626,R,R1b-M343,7689,Latvia,MIS 1,Baltic
I4627,R,R1b-V88,6064,Latvia,MIS 1,Baltic
I4628,R,R1b1a1a1-M73,7027,Latvia,MIS 1,Baltic
I3952,R,R1b-CTS1078,4673,Russia,MIS 1,Northern Eurasia
I4074,R,R1b-S116,4046,Netherlands,MIS 1,Western Europe
I4081,R,R1b-V88,9335,Romania,MIS 1,Eastern Europe
I4295,R,R1a-M420,3084,Kazakhstan,MIS 1,Central Asia
I4303,I,I2a-M423,6633,France,MIS 1,Western Europe
I4315,R,R1b-M343,3487,Uzbekistan,MIS 1,Central Asia
I4322,R,R1a-M420,3507,Kazakhstan,MIS 1,Central Asia
I4331,J,J2b-M241,3526,Croatia,MIS 1,Eastern Europe
I4432,R,R1b-M343,7948,Latvia,MIS 1,Baltic
I4434,R,R1b-M343,7446,Latvia,MIS 1,Baltic
I4436,R,R1b-V88,6105,Latvia,MIS 1,Baltic
I4438,I,I2a-P37.2,7291,Latvia,MIS 1,Baltic
I4439,R,R1b-M343,7648,Latvia,MIS 1,Baltic
I4440,I,I2a-P37.2,7080,Latvia,MIS 1,Baltic
I4441,I,I2a-M223,6725,Latvia,MIS 1,Baltic
I4550,Q,Q1b-M346,8489,Latvia,MIS 1,Baltic
I4551,I,I2a-M223,7671,Latvia,MIS 1,Baltic
I4553,I,I2a-M223,7379,Latvia,MIS 1,Baltic
I4563,R,R1b-S116,3550,Spain,MIS 1,Western Europe
I4565,I,I2a-M223,4915,Spain,MIS 1,Western Europe
I4626,R,R1b-M343,7689,Latvia,MIS 1,Baltic
I4627,R,R1b-V88,6064,Latvia,MIS 1,Baltic
I4628,R,R1b1a1a1- M73,7027,Latvia,MIS 1,Baltic
I4655,R,R-M207,8765,Romania,MIS 1,Eastern Europe
I4666,R,R1b-M343,8017,Serbia,MIS 1,Eastern Europe
I4773,R,R1a-M420,3516,Kazakhstan,MIS 1,Central Asia
I4774,R,R1a-M420,3512,Kazakhstan,MIS 1,Central Asia
I4778,R,R1a-Z93,3587,Kazakhstan,MIS 1,Central Asia
I4783,R,R1a-M420,3482,Kazakhstan,MIS 1,Central Asia
I4784,Q,Q1b-M346,3516,Kazakhstan,MIS 1,Central Asia
I4787,R,R1a-Z93,3238,Kazakhstan,MIS 1,Central Asia
I0700,T,T1a-L162,7934,Bulgaria,MIS 1,Eastern Europe
I0706,C,C-M130,7905,Bulgaria,MIS 1,Eastern Europe
I1108,T,T1a-L162,7875,Bulgaria,MIS 1,Eastern Europe
I1295,G,G2a-P303,7752,Bulgaria,MIS 1,Eastern Europe
I1296,C,C-M130,7675,Bulgaria,MIS 1,Eastern Europe
I2175,I,I2a-M223,5122,Bulgaria,MIS 1,Eastern Europe
I2176,I,I2a-M223,5132,Bulgaria,MIS 1,Eastern Europe
I2181,R,R-M207,6453,Bulgaria,MIS 1,Eastern Europe
I2430,R,R1b-M343,6448,Bulgaria,MIS 1,Eastern Europe
I4899,J,J-M304,3400,Uzbekistan,MIS 1,Central Asia
I4141,G,G2a-L91,4250,Czech Republic,MIS 1,Eastern Europe
I5117,G,G2a-L91,5100,Hungary,MIS 1,Eastern Europe
I5118,G,G2a-L91,5100,Hungary,MIS 1,Eastern Europe
Lapa24,Q,Q1b-Z780,9250,Brazil,MIS 1,South America
CP8,Q,Q1b-M3,4115,Peru,MIS 1,South America
ILK001,I,I2a-M223,4753,Ukraine,MIS 1,Eastern Europe
ILK002,I,I2a-M223,4742,Ukraine,MIS 1,Eastern Europe
I4304,I,I2a-M423,6639,France,MIS 1,Western Europe
I4596,I,I2a-M223,7976,Latvia,MIS 1,Baltic
I4630,R,R1b-M343,9222,Latvia,MIS 1,Baltic
I4878,I,I2a-M223,7803,Serbia,MIS 1,Eastern Europe
I4880,I,I2a-M223,7813,Serbia,MIS 1,Eastern Europe
I4881,I,I2a-M223,8363,Serbia,MIS 1,Eastern Europe
I4882,I,I2a-M223,8000,Serbia,MIS 1,Eastern Europe
I4914,I,I2a-M223,8123,Serbia,MIS 1,Eastern Europe
I4915,I,I2a-M436,8115,Serbia,MIS 1,Eastern Europe
I4916,R,R1b-V88,8763,Serbia,MIS 1,Eastern Europe
I4950,R,R1b-M529,4250,Great Britain,MIS 1,Western Europe
I4951,R,R1b-L51,4250,Great Britain,MIS 1,Western Europe
I4971,I,I2a-M436,7592,Hungary,MIS 1,Eastern Europe
I5068,J,J2-M172,7088,Austria,MIS 1,Western Europe
I5070,C,C1a-V20,7056,Austria,MIS 1,Western Europe
I5072,G,G2a-PF3147,7551,Croatia,MIS 1,Eastern Europe
I5077,G,G2a-PF3147,7026,Croatia,MIS 1,Eastern Europe
I5078,J,J2a-L26,6569,Croatia,MIS 1,Eastern Europe
I5232,R,R1b-V88,7901,Serbia,MIS 1,Eastern Europe
I5235,R,R1b-V88,10835,Serbia,MIS 1,Eastern Europe
I5236,I,I2a-P37.2,10008,Serbia,MIS 1,Eastern Europe
I5237,R,R1b-V88,9800,Serbia,MIS 1,Eastern Europe
I5240,R,R1b-V88,10805,Serbia,MIS 1,Eastern Europe
I5269,R,R1b-CTS1078,4908,Russia,MIS 1,Northern Eurasia
I5270,R,R1b-CTS1078,5081,Russia,MIS 1,Northern Eurasia
I5273,R,R1b-CTS1078,4899,Russia,MIS 1,Northern Eurasia
I5277,R,R1b-CTS1078,5040,Russia,MIS 1,Northern Eurasia
I5278,R,R1b-CTS1078,4948,Russia,MIS 1,Northern Eurasia
I5279,R,R1b-CTS1078,4905,Russia,MIS 1,Northern Eurasia
I4790,R,R1a-Z93,3433,Kazakhstan,MIS 1,Central Asia
I4791,R,R1a-M420,3480,Kazakhstan,MIS 1,Central Asia
I4794,J,J2a-L24,3450,Kazakhstan,MIS 1,Central Asia
I4884,I,I2c-L596,3764,Czech Republic,MIS 1,Eastern Europe
I4885,R,R1b-U152,4166,Czech Republic,MIS 1,Eastern Europe
I4886,R,R1b-U152,4074,Czech Republic,MIS 1,Eastern Europe
I4887,R,R1b-U152,4070,Czech Republic,MIS 1,Eastern Europe
I4888,R,R1b-U152,4060,Czech Republic,MIS 1,Eastern Europe
I4889,R,R1b-U152,4122,Czech Republic,MIS 1,Eastern Europe
I4890,R,R1b-L51,4250,Czech Republic,MIS 1,Eastern Europe
I4891,R,R1b-U152,4122,Czech Republic,MIS 1,Eastern Europe
I4893,G,G2a-PF3147,6349,Czech Republic,MIS 1,Eastern Europe
I4895,R,R1b-U152,4110,Czech Republic,MIS 1,Eastern Europe
I5204,G,G2a-P303,6950,Austria,MIS 1,Western Europe
I5456,Q,Q1b-L54,7375,Belize,MIS 1,Central America
I5457,Q,Q1-F903,7390,Belize,MIS 1,Central America
I5513,R,R1b-M529,4250,Great Britain,MIS 1,Western Europe
I5514,R,R1b-U152,4163,Czech Republic,MIS 1,Eastern Europe
I5515,R,R1b-M529,3856,Great Britain,MIS 1,Western Europe
I5516,R,R1b-S116,3640,Great Britain,MIS 1,Western Europe
I5519,R,R1b-U152,4200,Germany,MIS 1,Western Europe
I5529,R,R1b-U152,4250,Germany,MIS 1,Western Europe
I5748,R,R1b-S116,4382,Netherlands,MIS 1,Western Europe
I5750,R,R1b-S116,4050,Netherlands,MIS 1,Western Europe
I5755,R,R1b-M269,4178,Switzerland,MIS 1,Western Europe
I5757,R,R1b-L51,4178,Switzerland,MIS 1,Western Europe
I5771,I,I-M170,8325,Serbia,MIS 1,Eastern Europe
I5772,R,R1b-V88,8450,Serbia,MIS 1,Eastern Europe
I5773,I,I-M170,10040,Serbia,MIS 1,Eastern Europe
I5833,R,R1b-U152,4200,Germany,MIS 1,Western Europe
I5835,R,R1b-U152,4200,Germany,MIS 1,Western Europe
I5838,I,I2a-M223,4573,Spain,MIS 1,Western Europe
I5868,I,I-M170,7341,Ukraine,MIS 1,Eastern Europe
I5869,I,I-M170,7466,Ukraine,MIS 1,Eastern Europe
I5870,I,I2a-M436,7360,Ukraine,MIS 1,Eastern Europe
I5872,I,I-M170,7382,Ukraine,MIS 1,Eastern Europe
I5875,I,I2a-M223,7126,Ukraine,MIS 1,Eastern Europe
I5876,R,R1a-M420,8822,Ukraine,MIS 1,Eastern Europe
I5878,R,R1-M173,7138,Ukraine,MIS 1,Eastern Europe
I5879,R,R1b-M343,7215,Ukraine,MIS 1,Eastern Europe
I5881,R,R1-M173,7089,Ukraine,MIS 1,Eastern Europe
I5883,R,R1b-V88,7056,Ukraine,MIS 1,Eastern Europe
I5886,I,I2-M438,7217,Ukraine,MIS 1,Eastern Europe
I5888,I,I2a-M436,7100,Ukraine,MIS 1,Eastern Europe
I5890,R,R1b-V88,7124,Ukraine,MIS 1,Eastern Europe
I5891,R,R-M207,7338,Ukraine,MIS 1,Eastern Europe
I5892,R,R1b-M343,7092,Ukraine,MIS 1,Eastern Europe
I5893,R,R1b-M343,7250,Ukraine,MIS 1,Eastern Europe
I2417,R,R1b-M529,4270,Great Britain,MIS 1,Western Europe
I2447,R,R1b-M529,3964,Great Britain,MIS 1,Western Europe
I2521,G,G2a-P303,7505,Bulgaria,MIS 1,Eastern Europe
I2529,I,I2a-M436,7601,Bulgaria,MIS 1,Eastern Europe
I3238,R,R1b-M269,4282,Spain,MIS 1,Western Europe
I3921,K,SM-P399,1260,Vanuatu,MIS 1,Oceania
I5207,J,J2a-M410,6950,Austria,MIS 1,Western Europe
I5359,I,I2a-M223,5600,Great Britain,MIS 1,Western Europe
I5373,R,R1b-L51,4038,Great Britain,MIS 1,Western Europe
I5379,R,R1b-M529,4330,Great Britain,MIS 1,Western Europe
I5382,R,R1b-S116,4080,Great Britain,MIS 1,Western Europe
I5396,J,J2a-L26,2811,Pakistan,MIS 1,South Asia
I5400,Q,Q2-L275,2829,Pakistan,MIS 1,South Asia
I5401,I,I2a-M436,8838,Serbia,MIS 1,Eastern Europe
I5402,I,I2a-M223,8156,Serbia,MIS 1,Eastern Europe
I5411,R,R1b-V88,8600,Romania,MIS 1,Eastern Europe
I5428,I,I2a-M423,5200,Portugal,MIS 1,Western Europe
I5429,I,I2a-M26,4899,Portugal,MIS 1,Western Europe
I5441,R,R1b-S116,3750,Great Britain,MIS 1,Western Europe
I5604,L,L1a-M2481,3739,Uzbekistan,MIS 1,Central Asia
I5657,R,R1b-M269,4200,Germany,MIS 1,Western Europe
I5659,R,R1b-U152,4200,Germany,MIS 1,Western Europe
I5660,R,R1b-M269,4200,Germany,MIS 1,Western Europe
I5661,R,R1b-M269,4200,Germany,MIS 1,Western Europe
I5663,R,R1b-M343,4200,Germany,MIS 1,Western Europe
I5665,R,R1b-S116,4250,Spain,MIS 1,Western Europe
I5666,R,R1b-U152,4250,Czech Republic,MIS 1,Eastern Europe
I5957,I,I-M170,7334,Ukraine,MIS 1,Eastern Europe
I6047,R,R1a-M420,3249,Russia,MIS 1,Northern Eurasia
I6470,R,R1b-S116,3601,Spain,MIS 1,Western Europe
I6480,R,R1b-U152,4150,Czech Republic,MIS 1,Eastern Europe
I6531,R,R1a-M420,4113,Poland,MIS 1,Eastern Europe
I6534,R,R1b-M269,4254,Poland,MIS 1,Eastern Europe
I6537,R,R1b-L51,4117,Poland,MIS 1,Eastern Europe
I6539,R,R1b-S116,4200,Spain,MIS 1,Western Europe
I6580,R,R1b-U152,4175,Poland,MIS 1,Eastern Europe
I6581,R,R1b-U152,4251,Poland,MIS 1,Eastern Europe
I6587,I,I2a-M223,4200,Spain,MIS 1,Western Europe
I6588,R,R1b-L51,4200,Spain,MIS 1,Western Europe
I6604,G,G2a-PF3147,3940,Spain,MIS 1,Western Europe
I6608,I,I2a-M423,3940,Spain,MIS 1,Western Europe
I6617,I,I2a-M223,4550,Spain,MIS 1,Western Europe
I6618,R,R1b-S116,3736,Spain,MIS 1,Western Europe
I3082,R,R1b-M529,3455,Great Britain,MIS 1,Western Europe
I4132,R,R1b-S116,4200,Germany,MIS 1,Western Europe
I4229,I,I2a-M26,4150,Portugal,MIS 1,Western Europe
I6472,R,R1b-M269,4250,Spain,MIS 1,Western Europe
I0698,G,G2a-L91,7900,Bulgaria,MIS 1,Eastern Europe
I4349,J,J2b-M12,7756,Iran,MIS 1,Middle East
M95,R,R1b-M343,8814,Romania,MIS 1,Eastern Europe
M96,R,R1b-V88,8825,Romania,MIS 1,Eastern Europe
I5408,R,R1b-V88,8704,Romania,MIS 1,Eastern Europe
I4096,K,SM-P399,1305,Vanuatu,MIS 1,Oceania
I1126,Q,Q-M242,965,USA,MIS 1,North America
I1378,I,I2a-M223,7250,Ukraine,MIS 1,Eastern Europe
I6548,H,H1a-M52,2850,Pakistan,MIS 1,South Asia
I6750,I,I2a-M436,5658,Great Britain,MIS 1,Western Europe
I6754,I,I2a-M436,9588,Great Britain,MIS 1,Western Europe
I6757,I,I2a-M223,5463,Great Britain,MIS 1,Western Europe
I6759,I,I2a-M423,5536,Great Britain,MIS 1,Western Europe
I6760,I,I2a-M223,5770,Great Britain,MIS 1,Western Europe
I6762,I,I2a-M223,5700,Great Britain,MIS 1,Western Europe
I6774,R,R1b-L51,4150,Great Britain,MIS 1,Western Europe
I6775,R,R1b-M529,4150,Great Britain,MIS 1,Western Europe
I6777,R,R1b-M529,4150,Great Britain,MIS 1,Western Europe
I2597,R,R1b-M529,4105,Great Britain,MIS 1,Western Europe
I2606,I,I2a-M223,5065,Great Britain,MIS 1,Western Europe
I6553,C,C1b-M356,2853,Pakistan,MIS 1,South Asia
I6554,L,L1a-M2481,2764,Pakistan,MIS 1,South Asia
I6555,L,L1a-M2481,2813,Pakistan,MIS 1,South Asia
I6561,R,R1a-M420,5960,Ukraine,MIS 1,Eastern Europe
I1293,J,J-M304,10800,Iran,MIS 1,Middle East
I2792,G,G2a-L91,4677,Croatia,MIS 1,Eastern Europe
I4241,J,J2b-M12,7908,Iran,MIS 1,Middle East
I6294,R,R1b-CTS1078,4721,Russia,MIS 1,Eastern Europe
I0518,I,I2a-M436,5180,Great Britain,MIS 1,Western Europe
I2786,I,I2a-M223,4283,Hungary,MIS 1,Eastern Europe
I3718,R,R1b-V88,7230,Ukraine,MIS 1,Eastern Europe
I6767,I,I2a-M223,10300,Great Britain,MIS 1,Western Europe
I5377,R,R1b-M529,3745,Great Britain,MIS 1,Western Europe
I3387,R,R1b-CTS1078,4725,Russia,MIS 1,Northern Eurasia
I2495,J,J1a-P58,4377,Turkey,MIS 1,Middle East
I1069,E,E1b-P2,12750,Israel,MIS 2,Middle East
I1414,E,E1b-PF1961,10050,Jordan,MIS 1,Middle East
I1415,E,E1b-M35,9875,Jordan,MIS 1,Middle East
I2337,J,J2a-L24,5530,Iran,MIS 1,Middle East
I4607,I,I2-M438,8940,Romania,MIS 1,Eastern Europe
I2327,R,R1b-CTS1078,3056,Iran,MIS 1,Middle East
I3997,R,R1b-S116,3635,Spain,MIS 1,Western Europe
I4870,I,I2-M438,8740,Serbia,MIS 1,Eastern Europe
I6679,R,R1b-L51,3958,Great Britain,MIS 1,Western Europe
I6680,R,R1b-M529,3702,Great Britain,MIS 1,Western Europe
I1842,G,G2a-PF3147,4848,Spain,MIS 1,Western Europe
I1845,I,I2a-M223,4800,Spain,MIS 1,Western Europe
I6677,H,H2-P96,5550,Czech Republic,MIS 1,Eastern Europe
I6675,R,R2a-M124,3250,Turkmenistan,MIS 1,Central Asia
burial 63,J,J2b-M12,3650,Lebanon,MIS 1,Middle East
burial 54,J,J1a-P58,3770,Lebanon,MIS 1,Middle East
HohleFels49,I,I-M170,15130,Germany,MIS 2,Western Europe
Falkenstein,I,I2a-M223,9200,Germany,MIS 1,Western Europe
Chaudardes1,I,I-M170,8205,France,MIS 1,Western Europe
Sunghir1,C,C1a-V20,32823,Russia,MIS 3,Eastern Europe
Sunghir2,C,C1a-V20,34234,Russia,MIS 3,Eastern Europe
Sunghir3,C,C1a-V20,34093,Russia,MIS 3,Eastern Europe
Sunghir4,C,C1a-V20,33992,Russia,MIS 3,Eastern Europe
baa001,A,A1b-M51,1909,South Africa,MIS 1,Sub-Saharan Africa
bab001,A,A1b-M13,2041,South Africa,MIS 1,Sub-Saharan Africa
I6900,E,E1b-PF1961,3213,Pakistan,MIS 1,South Asia
I6899,E,E1b-PF1961,2868,Pakistan,MIS 1,South Asia
I1945,R,R-M207,9800,Iran,MIS 1,Middle East
I1946,R,R2a-M124,10000,Iran,MIS 1,Middle East
I1947,R,R2a-M124,9973,Iran,MIS 1,Middle East
I1949,R,R-M207,10052,Iran,MIS 1,Middle East
I1954,R,R2a-M124,10093,Iran,MIS 1,Middle East
I2512,T,T-M184,4846,Iran,MIS 1,Middle East
I4559,R,R1b-L51,3550,Spain,MIS 1,Western Europe
I5319,Q,Q1a-B277,725,USA,MIS 1,North America
I5320,Q,Q1a-B277,725,USA,MIS 1,North America
I0984,R,R1a-Z93,3853,Russia,MIS 1,Eastern Europe
I1003,I,I2a-M26,3800,Russia,MIS 1,Eastern Europe
I1006,R,R1a-M420,3800,Russia,MIS 1,Eastern Europe
I1007,Q,Q1-F903,3800,Russia,MIS 1,Eastern Europe
I1008,R,R1a-M420,3800,Russia,MIS 1,Eastern Europe
I1011,R,R1a-Z93,3800,Russia,MIS 1,Eastern Europe
I1952,R,R2a-M124,9940,Iran,MIS 1,Middle East
I7090,Q,Q1a-F1096,7218,Argentina,MIS 1,South America
I1985,E,E1b-PF1961,2958,Pakistan,MIS 1,South Asia
I3262,E,E1b-PF1961,2854,Pakistan,MIS 1,South Asia
I1526,Q,Q1a-L712,4755,Russia,MIS 1,Northern Eurasia
I0232,R,R1a-Z93,3475,Russia,MIS 1,Eastern Europe
I0360,R,R1a-M420,3800,Russia,MIS 1,Eastern Europe
I0361,R,R1a-M420,3475,Russia,MIS 1,Eastern Europe
I0419,R,R1a-M420,4000,Russia,MIS 1,Eastern Europe
I0424,R,R1a-Z93,3675,Russia,MIS 1,Eastern Europe
I0430,R,R1a-Z93,3675,Russia,MIS 1,Eastern Europe
I7341,C,C2b-F3918,1100,Russia,MIS 1,Northern Eurasia
I7602,I,I2a-M223,5050,Spain,MIS 1,Western Europe
I7603,I,I2a-M223,5050,Spain,MIS 1,Western Europe
I7605,I,I2a-M223,5050,Spain,MIS 1,Western Europe
I7643,H,H2-P96,5785,Spain,MIS 1,Western Europe
I7644,I,I2a-M423,5460,Spain,MIS 1,Western Europe
I7670,R,R1b-M269,3982,Russia,MIS 1,Eastern Europe
I7691,R,R1b-L51,3900,Portugal,MIS 1,Western Europe
I7759,Q,Q1a-M25,7035,Russia,MIS 1,Northern Eurasia
I7779,Q,Q1a-L712,4750,Russia,MIS 1,Northern Eurasia
I7780,Q,Q1a-L712,4615,Russia,MIS 1,Northern Eurasia
I7587,G,G2a-L30,4650,Spain,MIS 1,Western Europe
I7601,G,G2a-PF3147,5540,Spain,MIS 1,Western Europe
I7348,Q,Q1a-F746,1205,Russia,MIS 1,Northern Eurasia
I7346,Q,Q1a-F746,1145,Russia,MIS 1,Northern Eurasia
I7606,I,I2a-M223,5050,Spain,MIS 1,Western Europe
I7331,Q,Q1a-L712,1045,Russia,MIS 1,Northern Eurasia
I7339,Q,Q1a-B277,1085,Russia,MIS 1,Northern Eurasia
I7335,Q,Q1a-L712,4465,Russia,MIS 1,Northern Eurasia
I7671,R,R1b-CTS1078,4733,Russia,MIS 1,Eastern Europe
I7642,I,I2a-M223,4784,Spain,MIS 1,Western Europe
I7332,Q,Q1a-B277,1070,Russia,MIS 1,Northern Eurasia
I7604,I,I2a-M223,5050,Spain,MIS 1,Western Europe
I7340,C,C2b-F3918,1020,Russia,MIS 1,Northern Eurasia
I7338,Q,Q1a-B277,610,Russia,MIS 1,Northern Eurasia
I7334,Q,Q1a-B277,870,Russia,MIS 1,Northern Eurasia
I7343,Q,Q1a-B277,860,Russia,MIS 1,Northern Eurasia
I7337,Q,Q1a-F746,1150,Russia,MIS 1,Northern Eurasia
I7760,E,E1b-PF1961,5820,Russia,MIS 1,Northern Eurasia
I7336,Q,Q1a-B143,6255,Russia,MIS 1,Northern Eurasia
Hum2,I,I2-M438,9364,Norway,MIS 1,Scandinavia
SBj,I,I2-M438,8771,Sweden,MIS 1,Scandinavia
SF11,I,I-M170,8892,Sweden,MIS 1,Scandinavia
Steigen,I,I2a-M423,5857,Norway,MIS 1,Scandinavia
FUT007,S,S-B254,1080,Vanuatu,MIS 1,Oceania
MAL004,M,M-P256,2505,Vanuatu,MIS 1,Oceania
TAN002,K,SM-P399,2490,Vanuatu,MIS 1,Oceania
TON002,O,O1a-M307,2475,Tonga,MIS 1,Oceania
Donkalnis4,I,I-M170,7820,Lithuania,MIS 1,Baltic
Donkalnis7,R,R1-M173,7150,Lithuania,MIS 1,Baltic
Gyvakarai1_10bp,R,R1a-M420,4495,Lithuania,MIS 1,Baltic
Kivisaare3,R,R1b-M343,6585,Estonia,MIS 1,Baltic
Kivutkalns153,R,R1b-V88,2623,Latvia,MIS 1,Baltic
Kivutkalns164,R,R1a-M420,2510,Latvia,MIS 1,Baltic
Kivutkalns194,R,R1a-M420,2268,Latvia,MIS 1,Baltic
Kivutkalns19,R,R1a-M420,2515,Latvia,MIS 1,Baltic
Kivutkalns209,R,R1a-M420,2628,Latvia,MIS 1,Baltic
Kivutkalns222,R,R1a-M420,2523,Latvia,MIS 1,Baltic
Kivutkalns25,R,R1a-M420,2623,Latvia,MIS 1,Baltic
Kretuonas2,I,I2a-M423,6150,Lithuania,MIS 1,Baltic
MA973,R,R1a-Z283,4410,Estonia,MIS 1,Baltic
Olsund_new,R,R1a-M420,4306,Sweden,MIS 1,Scandinavia
Popovo2,J,J-M304,8200,Russia,MIS 1,Baltic
Spiginas1,I,I2a-P37.2,6290,Lithuania,MIS 1,Baltic
Spiginas2,R,R1a-M420,3890,Lithuania,MIS 1,Baltic
Tamula3,R,R1-M173,5670,Estonia,MIS 1,Baltic
Turlojiske1,R,R1a-M420,2820,Lithuania,MIS 1,Baltic
Turlojiske3,R,R1a-M420,2855,Lithuania,MIS 1,Baltic
I0987,R,R1a-Z93,3800,Russia,MIS 1,Eastern Europe
TAF009,E,E1b-M78,14357,Morocco,MIS 2,North Africa
TAF010,E,E1b-M78,14605,Morocco,MIS 2,North Africa
TAF011,E,E1b-M78,14500,Morocco,MIS 2,North Africa
TAF013,E,E1b-M78,14500,Morocco,MIS 2,North Africa
TAF014,E,E1b-M78,14500,Morocco,MIS 2,North Africa
I10000,L,L1a2-M357,2850,Pakistan,MIS 1,South Asia
I10001,L,L1a-M2481,2850,Pakistan,MIS 1,South Asia
I10111,R,R1a-Z93,3404,Kazakhstan,MIS 1,Central Asia
I10112,R,R1a-Z93,3511,Kazakhstan,MIS 1,Central Asia
I10140,R,R1a-M420,3250,Kazakhstan,MIS 1,Central Asia
I10280,G,G2a-P303,4900,Spain,MIS 1,Western Europe
I10284,I,I2a-M436,4900,Spain,MIS 1,Western Europe
I10939,R,R1b-S116,3600,Gibraltar,MIS 1,Western Europe
I10940,R,R1b-M343,3600,Gibraltar,MIS 1,Western Europe
I10941,R,R1b-S116,3600,Gibraltar,MIS 1,Western Europe
I10974,L,L1a-M2481,2905,Pakistan,MIS 1,South Asia
I11459,H,H1a-M52,4703,Iran,MIS 1,Middle East
I11462,L,L1a-M2481,4846,Iran,MIS 1,Middle East
I11474,J,J2a-M410,4600,Iran,MIS 1,Middle East
I11478,J,J2a-L24,4500,Iran,MIS 1,Middle East
I7598,G,G2a-PF3147,5450,Spain,MIS 1,Western Europe
I7949,R,R1b-L51,3046,Czech Republic,MIS 1,Eastern Europe
I8048,I,I2a-M423,3850,Spain,MIS 1,Western Europe
I8156,G,G2a-P15,4650,Spain,MIS 1,Western Europe
I8158,I,I2a-M436,4650,Spain,MIS 1,Western Europe
I8194,H,H1a M82,2950,Pakistan,MIS 1,South Asia
I8199,G,G2a-P303,4650,Spain,MIS 1,Western Europe
I8364,I,I2a-M423,4588,Spain,MIS 1,Western Europe
I8365,G,G2a-P303,4588,Spain,MIS 1,Western Europe
I8504,J,J1-M267,4959,Turkmenistan,MIS 1,Central Asia
I8505,J,J1-M267,5100,Turkmenistan,MIS 1,Central Asia
I8506,Q,Q1a-L712,3631,Uzbekistan,MIS 1,Central Asia
I8507,R,R1a-M420,3950,Uzbekistan,MIS 1,Central Asia
I8524,J,J-M304,5100,Turkmenistan,MIS 1,Central Asia
I8525,E,E1b-V68,4955,Turkmenistan,MIS 1,Central Asia
I8569,G,G2a-PF3147,4699,Spain,MIS 1,Western Europe
I8570,R,R1b-L51,3100,Spain,MIS 1,Western Europe
I8724,J,J2a-L26,4850,Iran,MIS 1,Middle East
I8725,J,J2a-L26,4896,Iran,MIS 1,Middle East
I8726,J,J2a-L24,5000,Iran,MIS 1,Middle East
I8728,J,J2a-M410,4500,Iran,MIS 1,Middle East
I8745,R,R1b-CTS1078,4300,Russia,MIS 1,Eastern Europe
I8758,A,A1b-P108,2586,Kenya,MIS 1,Sub-Saharan Africa
I8802,E,E1b-M180,1087,Kenya,MIS 1,Sub-Saharan Africa
I8804,A,A1b-L427,2548,Kenya,MIS 1,Sub-Saharan Africa
I8808,E,E1b-V22,1849,Kenya,MIS 1,Sub-Saharan Africa
I8809,E,E1b-M293,2973,Kenya,MIS 1,Sub-Saharan Africa
I8874,E,E1b-V32,3292,Kenya,MIS 1,Sub-Saharan Africa
I8918,E,E1b-M293,2245,Kenya,MIS 1,Sub-Saharan Africa
I8919,A,A1b-M13,2252,Kenya,MIS 1,Sub-Saharan Africa
I8920,E,E1b-M293,2340,Kenya,MIS 1,Sub-Saharan Africa
I8922,E,E1b-M293,2050,Kenya,MIS 1,Sub-Saharan Africa
I8997,R,R2a-M124,2850,Pakistan,MIS 1,South Asia
I8998,R,R2-M479,2850,Pakistan,MIS 1,South Asia
I1799,E,E1b-PF1961,3157,Pakistan,MIS 1,South Asia
I1976,I,I2a-M223,4409,Spain,MIS 1,Western Europe
I2473,I,I2a-M223,4765,Spain,MIS 1,Western Europe
I3492,R,R1b-M269,3600,Spain,MIS 1,Western Europe
I6194,E,E1b-PF1961,2950,Pakistan,MIS 1,South Asia
I6197,E,E1b-PF1961,2950,Pakistan,MIS 1,South Asia
I8246,G,G2a-PF3147,2710,Pakistan,MIS 1,South Asia
I1312,R,R1b-S116,3650,Spain,MIS 1,Western Europe
atp002,H,H2-P96,4740,Spain,MIS 1,Western Europe
atp005,G,G2a-PF3147,7074,Spain,MIS 1,Western Europe
atp12-1420,I,I2a-M223,4896,Spain,MIS 1,Western Europe
c40331,I,I2a-M223,5650,Spain,MIS 1,Western Europe
esp005,R,R1b-DF27,3370,Spain,MIS 1,Western Europe
mur,G,G2a-PF3147,7136,Spain,MIS 1,Western Europe
pir001,R,R1b-M269,3725,Spain,MIS 1,Western Europe
por002,I,I2a-M423,5091,Spain,MIS 1,Western Europe
por004,I,I2a-M436,4955,Spain,MIS 1,Western Europe
DA111,R,R1a-Z93,2702,Czech Republic,MIS 1,Eastern Europe
DA13,R,R1a-M420,2550,Kazakhstan,MIS 1,Central Asia
DA15,R,R1a-M420,2549,Kazakhstan,MIS 1,Central Asia
DA16,R,R1a-Z93,2536,Kazakhstan,MIS 1,Central Asia
DA17,R,R1a-M420,2642,Kazakhstan,MIS 1,Central Asia
DA19,E,E1b-PF1961,2625,Kazakhstan,MIS 1,Central Asia
DA221,Q,Q1a-L712,2619,Kazakhstan,MIS 1,Central Asia
DA2,R,R1a-M420,2818,Russia,MIS 1,Northern Eurasia
DA31,I,I-M170,3200,Armenia,MIS 1,Caucasus
DA343,Q,Q1a-L712,4827,Russia,MIS 1,Northern Eurasia
DA353,Q,Q1a-L712,4301,Russia,MIS 1,Northern Eurasia
DA356,Q,Q1a-L712,4284,Russia,MIS 1,Northern Eurasia
DA361,Q,Q1a-L712,4158,Russia,MIS 1,Northern Eurasia
DA4,Q,Q1a-L712,2850,Russia,MIS 1,Northern Eurasia
DA5,R,R1a-Z93,2850,Russia,MIS 1,Northern Eurasia
DA7,R,R1a-M420,2850,Russia,MIS 1,Northern Eurasia
BOT14,R,R1b-M73,5264,Kazakhstan,MIS 1,Central Asia
DA245,N,N1a-L666,7941,Russia,MIS 1,Northern Eurasia
DA248,N,N1a-L666,7645,Russia,MIS 1,Northern Eurasia
DA334,Q,Q1b-L53,4121,Russia,MIS 1,Northern Eurasia
DA335,Q,Q1b-L53,4200,Russia,MIS 1,Northern Eurasia
DA336,Q,Q1b-L53,4200,Russia,MIS 1,Northern Eurasia
DA337,Q,Q1b-L53,4331,Russia,MIS 1,Northern Eurasia
DA338,Q,Q1b-L53,4200,Russia,MIS 1,Northern Eurasia
DA339,Q,Q1b-L330,4040,Russia,MIS 1,Northern Eurasia
DA345,N,N1a-M46,5456,Russia,MIS 1,Northern Eurasia
DA354,Q,Q1-F903,4626,Russia,MIS 1,Caucasus
DA355,Q,Q1b-M346,5461,Russia,MIS 1,Northern Eurasia
DA357,C,C2b-F3918,7803,Russia,MIS 1,Northern Eurasia
DA359,N,N1a-M46,7559,Russia,MIS 1,Northern Eurasia
DA362,N,N1a-L666,7242,Russia,MIS 1,Northern Eurasia
DA381,J,J2a-L26,5181,Turkmenistan,MIS 1,Central Asia
DA382,R,R1a-Z93,2806,Turkmenistan,MIS 1,Central Asia
MA2200,J,J2a-L26,3800,Turkey,MIS 1,Middle East
MA2208,G,G2a-L30,3800,Turkey,MIS 1,Middle East
MA2212,J,J2a-M410,4700,Turkey,MIS 1,Middle East
S3426,Q,Q1b-L53,4070,Russia,MIS 1,Northern Eurasia
S3427,Q,Q1b-L330,4283,Russia,MIS 1,Northern Eurasia
RISE670,Q,Q1b-Y2659,3963,Russia,MIS 1,Northern Eurasia
RISE672,Q,Q1b-M346,4300,Russia,MIS 1,Northern Eurasia
RISE673,Q,Q1-903,4300,Russia,MIS 1,Northern Eurasia
RISE674,Q,Q1b-M346,4079,Russia,MIS 1,Northern Eurasia
RISE675,R,R1b-CTS1078,4555,Russia,MIS 1,Northern Eurasia
RISE683,Q,Q1a-L712,3977,Russia,MIS 1,Northern Eurasia
RISE718,Q,Q1b-L330,4411,Russia,MIS 1,Northern Eurasia
RISE719,Q,Q1b-L330,4300,Russia,MIS 1,Northern Eurasia
I11305,G,G2a-PF3147,4638,Spain,MIS 1,Western Europe
I11592,I,I2a-M423,4650,Portugal,MIS 1,Western Europe
I11605,I,I2a-M26,4750,Portugal,MIS 1,Western Europe
I11599,I,I2a-M26,5050,Portugal,MIS 1,Western Europe
I10411,J,J2a-M410,4200,Turkmenistan,MIS 1,Central Asia
I10427,Q,Q1a-F746,1755,Canada,MIS 1,North America
I10409,H,H1a-M52,4112,Turkmenistan,MIS 1,Central Asia
I11027,J,J2a-L26,3542,Uzbekistan,MIS 1,Central Asia
I11028,J,J2a-L24,5102,Uzbekistan,MIS 1,Central Asia
I10899,I,I-M170,24450,Spain,MIS 2,Western Europe
I12147,R,R2a-M124,3061,Pakistan,MIS 1,South Asia
CUN008,Q,Q1b-M3,3275,Peru,MIS 1,South America
LAR002,Q,Q1b-L53,6790,Brazil,MIS 1,South America
523a,Q,Q1b-B34,125,USA,MIS 1,North America
B-03,Q,Q1b-M924,2700,Mexico,MIS 1,Central America
CT-01,Q,Q1b-M3,414,USA,MIS 1,North America
MX-01,Q,Q1b-M930,2700,Mexico,MIS 1,Central America
NC,Q,Q1b-M3,1344,USA,MIS 1,North America
PS-03,Q,Q1b-M3,1466,USA,MIS 1,North America
PS-06,Q,Q1b-M3,1463,USA,MIS 1,North America
PS-07,Q,Q1b-M924,1454,USA,MIS 1,North America
PS-26,Q,Q1b-L53,1550,USA,MIS 1,North America
SC-06,Q,Q1b-M3,950,USA,MIS 1,North America
SM-01,Q,Q1b-M924,611,USA,MIS 1,North America
SN-11,Q,Q1b-Y4276,1100,USA,MIS 1,North America
SN-17,Q,Q1b-M3,5148,USA,MIS 1,North America
SN-20,Q,Q1b-M3,3150,USA,MIS 1,North America
SN-25,Q,Q-M242,4384,USA,MIS 1,North America
SN-32,Q,Q-M242,5090,USA,MIS 1,North America
SN-38,Q,Q1b-Y4276,3150,USA,MIS 1,North America
SN-44,Q,Q1b-M3,5337,USA,MIS 1,North America
SN-54,Q,Q1b-M3,4472,USA,MIS 1,North America
SN-58,Q,Q1b-M3,5050,USA,MIS 1,North America
SN-59,Q,Q1b-L53,5076,USA,MIS 1,North America
I11249,I,I2a-M223,5050,Spain,MIS 1,Western Europe
I11248,I,I2a-M223,5050,Spain,MIS 1,Western Europe
I11112,R,R1b-CTS1078,4800,Russia,MIS 1,Northern Eurasia
I11527,J,J2a-L24,3971,Kyrgyzstan,MIS 1,Central Asia
I11526,Q,Q1b-M346,4072,Kyrgyzstan,MIS 1,Central Asia
I11520,R,R2a-M124,3511,Uzbekistan,MIS 1,Central Asia
I10523,L,L1a2-M357,2850,Pakistan,MIS 1,South Asia
I11735,N,N1a-F1206,4331,Kazakhstan,MIS 1,Central Asia
I11734,Q,Q1b-M346,4917,Kazakhstan,MIS 1,Central Asia
I11737,N,N1a-F1206,4064,Kazakhstan,MIS 1,Central Asia
I2657,I,I2a-M223,5816,Great Britain,MIS 1,Western Europe
IAM.7,E,E1b-M215,6870,Morocco,MIS 1,North Africa
KEB.6,T,T-M184,5650,Morocco,MIS 1,North Africa
VAD001,R,R1b-S116,3691,Spain,MIS 1,Western Europe
VAD002,R,R1b-M343,3550,Spain,MIS 1,Western Europe
VAD004,R,R1b-L51,3400,Spain,MIS 1,Western Europe
VAD005,R,R1b-L51,3594,Spain,MIS 1,Western Europe
EHU001,R,R1b-L51,4116,Spain,MIS 1,Western Europe
EHU002,R,R1b-S116,4363,Spain,MIS 1,Western Europe
IPK13,Q,Q1b-M3,1120,Chile,MIS 1,South America
IPY08,Q,Q1b-M3,950,Chile,MIS 1,South America
I12988,L,L1a-M2481,2850,Pakistan,MIS 1,South Asia
I12982,J,J2b-M12,2850,Pakistan,MIS 1,South Asia
I12968,R,R2a-M124,2850,Pakistan,MIS 1,South Asia
I12470,R,R2a-M124,2850,Pakistan,MIS 1,South Asia
I12451,J,J2a-L24,2850,Pakistan,MIS 1,South Asia
I12471,I,I2a-M223,2850,Pakistan,MIS 1,South Asia
I12463,J,J2a-L26,2850,Pakistan,MIS 1,South Asia
I12499,R,R1a-M420,3358,Uzbekistan,MIS 1,Central Asia
I12462,R,R2a-M124,2850,Pakistan,MIS 1,South Asia
I12457,R,R1a-M420,2933,Pakistan,MIS 1,South Asia
I12398,E,E1b-M293,2612,Kenya,MIS 1,Sub-Saharan Africa
I12450,R,R1a-M420,2758,Pakistan,MIS 1,South Asia
I12487,J,J-M304,5100,Turkmenistan,MIS 1,Central Asia
I12475,L,L1a-M2481,2850,Pakistan,MIS 1,South Asia
I12482,J,J-M304,5100,Turkmenistan,MIS 1,Central Asia
I12481,J,"J1-M267
J1-M267
J1-M267",5100,Turkmenistan,MIS 1,Central Asia
I12445,L,L1a-M2481,2850,Pakistan,MIS 1,South Asia
I12486,J,J-M304,5100,Turkmenistan,MIS 1,Central Asia
I12447,H,H1a-M52,2850,Pakistan,MIS 1,South Asia
I12458,J,J2-M172,2850,Pakistan,MIS 1,South Asia
I12459,L,L-M20,2850,Pakistan,MIS 1,South Asia
I12473,R,R2a-M124,2850,Pakistan,MIS 1,South Asia
I13222,L,L1a2-M357,2850,Pakistan,MIS 1,South Asia
I13223,L,L1a-M2481,2850,Pakistan,MIS 1,South Asia
I13228,Q,Q2-L275,2850,Pakistan,MIS 1,South Asia
I12294,R,R1a-Z93,1969,Tajikistan,MIS 1,Central Asia
I12209,R,R1b-S116,3240,Spain,MIS 1,Western Europe
I12292,R,R2-M479,2055,Tajikistan,MIS 1,Central Asia
I12384,E,E1b-M293,1724,Kenya,MIS 1,Sub-Saharan Africa
I12855,R,R1b-M269,3775,Spain,MIS 1,Western Europe
I12809,R,R1b-M269,3775,Spain,MIS 1,Western Europe
Anzick,Q,Q1b-Z780,12649,USA,MIS 2,North America
La364,O,O1b-M95,2976,Laos,MIS 1,East Asia
La368,C,C1a-M8,7872,Laos,MIS 1,East Asia
Ma911,D,D-M174,4288,Malaysia,MIS 1,East Asia
Ma912,O,O1b-M95,2520,Malaysia,MIS 1,East Asia
Th519,N,N-M231,1720,Thailand,MIS 1,East Asia
Th521,O,O1b-M95,1717,Thailand,MIS 1,East Asia
Vt778,O,O2a-N6,2625,Vietnam,MIS 1,East Asia
cim358,Q,Q1a-F746,2840,Moldova,MIS 1,Eastern Europe
kzb002,R,R1a-M420,3721,Russia,MIS 1,Eastern Europe
kzb003,R,R1a-M420,3650,Russia,MIS 1,Eastern Europe
kzb005,R,R1a-M420,3737,Russia,MIS 1,Eastern Europe
kzb007,R,R1a-M420,3705,Russia,MIS 1,Eastern Europe
kzb008,R,R1a-M420,3742,Russia,MIS 1,Eastern Europe
scy009,R,R1a-M269,2550,Ukraine,MIS 1,Eastern Europe
scy301,R,R1a-M269,2248,Moldova,MIS 1,Eastern Europe
scy304,R,R1a-M269,2217,Moldova,MIS 1,Eastern Europe
scy305,R,R1a-M269,2254,Moldova,MIS 1,Eastern Europe
N17,R,R1a-M420,3846,Poland,MIS 1,Eastern Europe
N20,C,C1a-V20,5462,Poland,MIS 1,Eastern Europe
N26,G,G2a-P303,6151,Poland,MIS 1,Eastern Europe
N27,G,G2a-P303,6250,Poland,MIS 1,Eastern Europe
N28,G,G2a-P303,6074,Poland,MIS 1,Eastern Europe
N47,I,I2a-M223,4405,Poland,MIS 1,Eastern Europe
N49,I,I2a-M223,4405,Poland,MIS 1,Eastern Europe
IL4,Q,Q1b-L54,1478,Peru,MIS 1,South America
IL7,Q,Q1b-M3,1778,Peru,MIS 1,South America
A460,Q,Q1b-M848,4660,Chile,MIS 1,South America
Aconcagua,Q,Q1b-M3,500,Argentina,MIS 1,South America
AHUR_2064,Q,Q1b-M848,10970,USA,MIS 1,North America
AHUR770c,Q,Q1b-M3,10970,USA,MIS 1,North America
Andaman,P,P-P295,90,India,MIS 1,South Asia
Lovelock4,Q,Q1b-L53,1880,USA,MIS 1,North America
Sumidouro4,Q,Q1b-M3,10096,Brazil,MIS 1,South America
Sumidouro5,Q,Q1b-M848,10405,Brazil,MIS 1,South America
Sumidouro6,Q,Q1b-M848,10154,Brazil,MIS 1,South America
Sumidouro7,Q,Q1b-M848,10271,Brazil,MIS 1,South America
I12533,E,E2-M75,4007,Kenya,MIS 1,Sub-Saharan Africa
I8759,E,E1b-M293,2647,Kenya,MIS 1,Sub-Saharan Africa
I8904,E,E-M35,4200,Kenya,MIS 1,Sub-Saharan Africa
I8923,E,E-M35,2529,Kenya,MIS 1,Sub-Saharan Africa
I13762,E,E1b-M293,2150,Tanzania,MIS 1,Sub-Saharan Africa
I13977,E,E1b-V1515,1948,Tanzania,MIS 1,Sub-Saharan Africa
I13972,E,E-M35,1714,Tanzania,MIS 1,Sub-Saharan Africa
I13980,E,E1b-V22,2625,Tanzania,MIS 1,Sub-Saharan Africa
ARS001,Q,Q1b-L330,2883,Mongolia,MIS 1,East Asia
ARS003,N,N1a-M178,3225,Mongolia,MIS 1,East Asia
ARS004,Q,Q1b-M346,3004,Mongolia,MIS 1,East Asia
ARS005,Q,Q1b-L54,3040,Mongolia,MIS 1,East Asia
ARS007,Q,Q1b-L53,3172,Mongolia,MIS 1,East Asia
ARS008,Q,Q1b-L330,3172,Mongolia,MIS 1,East Asia
ARS011,Q,Q1b-M346,3079,Mongolia,MIS 1,East Asia
ARS015,Q,Q1a-F106,3230,Mongolia,MIS 1,East Asia
ARS016,Q,Q1b-L330,3402,Mongolia,MIS 1,East Asia
ARS018,Q,Q1-F903,2967,Mongolia,MIS 1,East Asia
ARS025,Q,Q1b-L53,3231,Mongolia,MIS 1,East Asia
ARS026,R,R1a-Z93,2962,Mongolia,MIS 1,East Asia
BAL003,C,C1a-P121,11922,Spain,MIS 1,Western Europe
BAL051,I,I1-M253,13009,Spain,MIS 2,Western Europe
CHA001_merged,I,I2a-M423,7133,Spain,MIS 1,Western Europe
CHA002,R,R1b-M343,7135,Spain,MIS 1,Western Europe
CHA003,I,I2a-M423,7097,Spain,MIS 1,Western Europe
ELT002,I,I2a-M26,5771,Spain,MIS 1,Western Europe
ELT006,I,I2a-M26,5807,Spain,MIS 1,Western Europe
FUC003,G,G2a-PF3147,7035,Spain,MIS 1,Western Europe
GoyetQ2,I,I2a-M223,15006,Belgium,MIS 2,Western Europe
ZBC,C,C1a-V20,15405,Turkey,MIS 2,Middle East
ZKO,G,G2a-CTS2488,10000,Turkey,MIS 1,Middle East
ZMOJ,C,C-M130,9900,Turkey,MIS 1,Middle East
I10871,A,A00-AF6,7890,Cameroon,MIS 1,Sub-Saharan Africa
I10871,A,A00-AF6,7890,Cameroon,MIS 1,Sub-Saharan Africa
I10873,B,B2b-M112,3070,Cameroon,MIS 1,Sub-Saharan Africa
I11974,Q,Q1b-M3,11885,Chile,MIS 1,South America
0LS10,N,N1a-L393,2615,Estonia,MIS 1,Baltic
0LS11,R,R1a-M420,2905,Estonia,MIS 1,Baltic
V10,R,R1a-M420,2560,Estonia,MIS 1,Baltic
V12,N,N1a-VL29,2150,Estonia,MIS 1,Baltic
V14,R,R1a-M420,3115,Estonia,MIS 1,Baltic
V16,R,R1a-M420,2510,Estonia,MIS 1,Baltic
V7,R,R1a-M420,2560,Estonia,MIS 1,Baltic
V9,R,R1a-M420,3065,Estonia,MIS 1,Baltic
VII4,N,N1a-VL29,2530,Estonia,MIS 1,Baltic
X02,R,R1a-M420,2950,Estonia,MIS 1,Baltic
X04,R,R1a-M420,2370,Estonia,MIS 1,Baltic
X05,R,R1a-M420,3060,Estonia,MIS 1,Baltic
X10,R,R1a-M420,3070,Estonia,MIS 1,Baltic
X14,R,R1a-M420,2555,Estonia,MIS 1,Baltic
X15,R,R1a-M420,3055,Estonia,MIS 1,Baltic
X17,R,R1a-M420,2820,Estonia,MIS 1,Baltic
RISE1160,I,I2a-M223,4714,Poland,MIS 1,Eastern Europe
RISE1162,I,I2a-M223,4747,Poland,MIS 1,Eastern Europe
RISE1163,I,I2a-M223,4735,Poland,MIS 1,Eastern Europe
RISE1165,I,I2a-M223,4743,Poland,MIS 1,Eastern Europe
RISE1168,I,I2a-M223,4676,Poland,MIS 1,Eastern Europe
RISE1169,I,I2a-M223,4741,Poland,MIS 1,Eastern Europe
RISE1171,I,I2a-M223,4768,Poland,MIS 1,Eastern Europe
RISE1173,I,I2a-M223,4634,Poland,MIS 1,Eastern Europe
RISE1241,I,I2a-M223,4753,Poland,MIS 1,Eastern Europe
RISE1250,I,I2a-M223,4725,Poland,MIS 1,Eastern Europe
RISE1252,I,I2a-M223,4725,Poland,MIS 1,Eastern Europe
RISE1254,I,I2a-M223,4725,Poland,MIS 1,Eastern Europe
COV20126,G,G2a-L30,5588,Spain,MIS 1,Western Europe
LD270,H,H2-P96,6336,Portugal,MIS 1,Western Europe
LU339,I,I2a-M423,6798,Portugal,MIS 1,Western Europe
BOO002,N,N1a-M178,3475,Russia,MIS 1,Baltic
BOO004,N,N1a-M178,3475,Russia,MIS 1,Baltic
ans008,I,I2a-M423,5135,Sweden,MIS 1,Scandinavia
ans014,I,I2a-M423,5090,Sweden,MIS 1,Scandinavia
ans016,I,I2a-M423,4646,Sweden,MIS 1,Scandinavia
ans017,I,I2a-M423,5080,Sweden,MIS 1,Scandinavia
lai001,I,I2a-M423,5180,Sweden,MIS 1,Scandinavia
mid002,I,I2a-M423,5450,Great Britain,MIS 1,Western Europe
prs008/009,I,I2a-M26,5380,Great Britain,MIS 1,Western Europe
prs012,I,I2a-M26,5660,Ireland,MIS 1,Western Europe
prs013/014,I,I2a-M26,5450,Ireland,MIS 1,Western Europe
prs016,I,I2a-M26,5560,Ireland,MIS 1,Western Europe
ARM002,G,G2b-M3115,5148,Armenia,MIS 1,Caucasus
BU2001,R,R1b-CTS1078,4674,Russia,MIS 1,Caucasus
GW1001,R,R1b-CTS1078,4726,Russia,MIS 1,Caucasus
I1723,R,R1b-M269,4702,Russia,MIS 1,Caucasus
I2051,J,J-M304,3260,Russia,MIS 1,Caucasus
I2055,J,J-M304,6499,Russia,MIS 1,Caucasus
I2056,J,J2a-M410,6456,Russia,MIS 1,Caucasus
I6266,J,J2a-L26,5375,Russia,MIS 1,Caucasus
I6268,J,J2a-L26,5564,Russia,MIS 1,Caucasus
I6272,G,G2a-PF3147,5083,Russia,MIS 1,Caucasus
KBD001,R,R1b-M269,4037,Russia,MIS 1,Caucasus
KDC001,J,J2b-M12,3824,Russia,MIS 1,Caucasus
LYG001,R,R1b-M269,4672,Russia,MIS 1,Caucasus
MK5001,L,L-M20,5150,Russia,MIS 1,Caucasus
MK5004,L,L-M20,5150,Russia,MIS 1,Caucasus
MK5009,R,R1b-M269,4706,Russia,MIS 1,Caucasus
NV3001,Q,Q1b-M346,3971,Russia,MIS 1,Caucasus
PG2001,R,R1b-M343,6863,Russia,MIS 1,Caucasus
PG2004,R,R1b-M343,6090,Russia,MIS 1,Caucasus
RK1001,R,R1b-M269,4726,Russia,MIS 1,Caucasus
RK4001,R,R1b-M269,4277,Russia,MIS 1,Caucasus
RK4002,R,R1b-M269,4610,Russia,MIS 1,Caucasus
SA6003,R,R1b-M269,4293,Russia,MIS 1,Caucasus
SA6004,Q,Q1b-M346,5171,Russia,MIS 1,Caucasus
SA6013,R,R1-M173,5180,Russia,MIS 1,Caucasus
I11131,L,L1-M22,5173,Russia,MIS 1,Eastern Europe
VEK007,J,J1-M267,4850,Russia,MIS 1,Caucasus
VEK007,J,J1-M267,4850,Russia,MIS 1,Caucasus
Kolyma1,Q,Q1a-B143,9786,Russia,MIS 1,Northern Eurasia
NEO232,Q,Q1b-L53,4803,Russia,MIS 1,Northern Eurasia
NEO239,C,C2b-L1373,7556,Russia,MIS 1,Northern Eurasia
NEO241,Q,Q1a-F746,1971,Russia,MIS 1,Northern Eurasia
NEO242,Q,Q1b-L53,1788,Russia,MIS 1,Northern Eurasia
NEO243,Q,Q1-F903,2218,Russia,MIS 1,Northern Eurasia
NEO246,Q,Q1b-L53,1636,Russia,MIS 1,Northern Eurasia
NEO247,Q,Q1b-FGY4276,1906,Russia,MIS 1,Northern Eurasia
NEO248,Q,Q1a-B143,2115,Russia,MIS 1,Northern Eurasia
NEO249,C,C2b-F3918,1964,Russia,MIS 1,Northern Eurasia
NEO250,Q,Q1a-B143,2155,Russia,MIS 1,Northern Eurasia
NEO253,C,C2b-L1373,1746,Russia,MIS 1,Northern Eurasia
Yana1,P,P1-M45,31950,Russia,MIS 3,Northern Eurasia
Yana2,P,P1-M45,31950,Russia,MIS 3,Northern Eurasia
I5399,R,R2a-M124,2850,Pakistan,MIS 1,South Asia
I0231,R,R1b-CTS1078,4792,Russia,MIS 1,Eastern Europe
I11537,R,R1a-M420,2534,Kazakhstan,MIS 1,Central Asia
I11540,R,R1a-Z93,1765,Kazakhstan,MIS 1,Central Asia
I11541,R,R1a-M420,3717,Kazakhstan,MIS 1,Central Asia
I12149,I,I2a-M223,2850,Pakistan,MIS 1,South Asia
I12134,Q,Q1a-L712,2850,Pakistan,MIS 1,South Asia
I12143,H,H1a-M52,2850,Pakistan,MIS 1,South Asia
I12449,R,R2a-M124,2850,Pakistan,MIS 1,South Asia
M012,R,R1b-M269,2229,China,MIS 1,East Asia
M15-1,R,R1b-M269,2250,China,MIS 1,East Asia
M15-2,Q,Q1a-M120,2250,China,MIS 1,East Asia
X3,Q,Q1a-M25,2250,China,MIS 1,East Asia
LS-13,R,R1a-Z284,2309,Russia,MIS 1,Eastern Europe
MJ-14,R,R1a-M420,2613,Ukraine,MIS 1,Eastern Europe
MJ-15,R,R1a-M420,2252,Ukraine,MIS 1,Eastern Europe
MJ-31,R,R1a-M420,3120,Ukraine,MIS 1,Eastern Europe
MJ-32,R,R1a-M420,2547,Ukraine,MIS 1,Eastern Europe
MJ-33,R,R1a-M420,2544,Ukraine,MIS 1,Eastern Europe
MJ-34,R,R1a-Z93,2242,Ukraine,MIS 1,Eastern Europe
MJ-35,Q,Q1b-L330,2530,Ukraine,MIS 1,Eastern Europe
MJ-38,Q,Q1b-L330,2033,Russia,MIS 1,Caucasus
MJ-39,R,R1a-M420,2244,Russia,MIS 1,Eastern Europe
MJ-40,E,E1b-M34,2303,Russia,MIS 1,Eastern Europe
MJ-42,R,R1a-M420,2618,Russia,MIS 1,Eastern Europe
MJ-51,R,R1a-M420,2596,Kazakhstan,MIS 1,Central Asia
MJ-52,J,J1a-P58,2622,Kazakhstan,MIS 1,Central Asia
I5374,I,I-M170,4596,Great Britain,MIS 1,Western Europe
I3039,I,I2a-M223,5525,Great Britain,MIS 1,Western Europe
I3040,I,I2a-M223,5525,Great Britain,MIS 1,Western Europe
I3041,I,I2a-M223,5600,Great Britain,MIS 1,Western Europe
AITI_119,R,R1b-M269,3739,Germany,MIS 1,Western Europe
AITI_120,R,R1b-S116,3702,Germany,MIS 1,Western Europe
AITI_2,R,R1b-S116,3741,Germany,MIS 1,Western Europe
AITI_40,R,R1b-M269,3739,Germany,MIS 1,Western Europe
AITI_43,R,R1b-S116,3745,Germany,MIS 1,Western Europe
AITI_50,R,R1b-M269,3763,Germany,MIS 1,Western Europe
AITI_70,R,R1b-S116,3901,Germany,MIS 1,Western Europe
AITI_72,R,R1b-S116,3766,Germany,MIS 1,Western Europe
AITI_78,R,R1b-S116,3741,Germany,MIS 1,Western Europe
AITI_98,R,R1b-S116,3628,Germany,MIS 1,Western Europe
ALT_4,R,R1b-V88,4464,Germany,MIS 1,Western Europe
OBKR_67,R,R1b-S116,3909,Germany,MIS 1,Western Europe
OBKR_80,R,R1b-S116,3997,Germany,MIS 1,Western Europe
OBKR_86,R,R1b-S116,3917,Germany,MIS 1,Western Europe
POST_140,R,R1b-S116,3970,Germany,MIS 1,Western Europe
POST_28,R,R1b-S116,3917,Germany,MIS 1,Western Europe
POST_44,R,R1b-S116,4009,Germany,MIS 1,Western Europe
POST_50,R,R1b-S116,4063,Germany,MIS 1,Western Europe
POST_6,R,R1b-S116,3896,Germany,MIS 1,Western Europe
UNTA58_153,R,R1b-M269,3824,Germany,MIS 1,Western Europe
UNTA85_1412,R,R1b-M269,3910,Germany,MIS 1,Western Europe
WEHR_1192SkA,R,R1b-S116,4191,Germany,MIS 1,Western Europe
WEHR_1415child,R,R1b-M269,3907,Germany,MIS 1,Western Europe
R1014,H,H2-P96,7084,Italy,MIS 1,Mediterranean
R11,I,I2a-M436,11908,Italy,MIS 1,Mediterranean
R15,I,I2a-M223,9125,Italy,MIS 1,Mediterranean
R17,J,J-M304,7224,Italy,MIS 1,Mediterranean
R19,J,J2a-M410,7233,Italy,MIS 1,Mediterranean
R26,I,I2a-M223,4150,Italy,MIS 1,Mediterranean
R27,I,I2a-M223,4150,Italy,MIS 1,Mediterranean
R29,G,G2a-CTS2488,4150,Italy,MIS 1,Mediterranean
R4,G,G2a-CTS2488,4865,Italy,MIS 1,Mediterranean
R6,R,R1b-M343,7214,Italy,MIS 1,Mediterranean
R7,I,I2a-M223,10682,Italy,MIS 1,Mediterranean
R9,G,G2a-L91,7496,Italy,MIS 1,Mediterranean
I5387,I,I2a-M223,4850,Great Britain,MIS 1,Western Europe
I6747,I,I2a-M223,5539,Great Britain,MIS 1,Western Europe
I6750,I,I2a-M223,5658,Great Britain,MIS 1,Western Europe
I6750,I,I2a-M223,5658,Great Britain,MIS 1,Western Europe
I6753,I,I2a-M223,5305,Great Britain,MIS 1,Western Europe
I6755,I,I2a-M223,5264,Great Britain,MIS 1,Western Europe
I6759,I,I2a-M423,5536,Great Britain,MIS 1,Western Europe
IAM.4,E,E1b-M81,7060,Morocco,MIS 1,North Africa
I0099,R,R1a-Z282,3036,Germany,MIS 1,Western Europe
I1583,G,G2a-L91,8281,Turkey,MIS 1,Middle East
I0727,G,G2a-P15,7950,Turkey,MIS 1,Middle East
I0724,I,I-M170,7950,Turkey,MIS 1,Middle East
I0581,I,I2a-M223,4740,Spain,MIS 1,Western Europe
I0723,G,G2a-PF3147,7870,Turkey,MIS 1,Middle East
I2739,G,G2a-L30,7142,Hungary,MIS 1,Eastern Europe
I2791,I,I2c-L596,5471,Hungary,MIS 1,Eastern Europe
I2793,I,I2a-M223,6301,Hungary,MIS 1,Eastern Europe
I0371,R,R1b-M269,4678,Russia,MIS 1,Eastern Europe
I1902,J,J2a-M410,6600,Hungary,MIS 1,Eastern Europe
I1905,I,I2c-L596,6664,Hungary,MIS 1,Eastern Europe
I1878,H,H2-P96,7700,Hungary,MIS 1,Eastern Europe
I2366,G,G2a-L497,5093,Hungary,MIS 1,Eastern Europe
I2367,G,G2a-P303,5081,Hungary,MIS 1,Eastern Europe
I2384,I,I2c-L596,7130,Hungary,MIS 1,Eastern Europe
I0659,G,G2a-PF3170,7037,Germany,MIS 1,Western Europe
I0048,G,G2a-PF3170,7056,Germany,MIS 1,Western Europe
I0821,G,G2a-PF3170,6976,Germany,MIS 1,Western Europe
I2021,G,G2a-PF3147,7125,Germany,MIS 1,Western Europe
I2026,G,G2a-PF3147,7125,Germany,MIS 1,Western Europe
I2037,G,G2a-PF3147,7056,Germany,MIS 1,Western Europe
I1880,G,G2a-L30,7600,Hungary,MIS 1,Eastern Europe
I3719,I,I2a-M223,6824,Ukraine,MIS 1,Eastern Europe
I4427,B,A1b-M91,6061,Malawi,MIS 1,Sub-Saharan Africa
I4468,B,A1b-M91,6087,Malawi,MIS 1,Sub-Saharan Africa
I3276,G,G2a-PF3147,4955,Spain,MIS 1,Western Europe
I5884,R,R1b-CTS1078,4743,Ukraine,MIS 1,Eastern Europe
I8350,Q,Q1a-F1096,7700,Argentina,MIS 1,South America
I2470,R,R1b-S116,3271,Spain,MIS 1,Western Europe
I10287,I,I2a-M223,4900,Spain,MIS 1,Western Europe
I12472,E,E1b-PF1961,2850,Pakistan,MIS 1,South Asia
I10871,A,A00-AF6,7890,Cameroon,MIS 1,Sub-Saharan Africa
I10872,B,A1b2-M91,7810,Cameroon,MIS 1,Sub-Saharan Africa
I10873,B,B2b-M112,3070,Cameroon,MIS 1,Sub-Saharan Africa
ber1,R,R1a-Z283,4495,Sweden,MIS 1,Scandinavia
poz81,R,R1a-M420,4705,Poland,MIS 1,Eastern Europe
Shuka Kaa,Q,Q1b-M3,10300,USA,MIS 1,North America
HUGO_180Sk1,R,R1b-M269,4286,Germany,MIS 1,Western Europe
UNTA58_68Sk1,G,G2a-PF3147,4288,Germany,MIS 1,Western Europe
UNTA85_1343,R,R1b-S116,4223,Germany,MIS 1,Western Europe
SEC001,G,G2a2a1a2-L91,3835,Italy,MIS 1,Mediterranean
SEC002,G,G2a2a1a2-L91,3917,Italy,MIS 1,Mediterranean
NOE001,G,G2a2a1a2-L91,5307,Italy,MIS 1,Mediterranean
LON003_LON004,G,G2a2b2a-P303,5481,Italy,MIS 1,Mediterranean
ORC006,G,G2a2b2b-PF3359,2961,Italy,MIS 1,Mediterranean
MA112.ISR001,G,G2a2b2b-PF3359,2952,Italy,MIS 1,Mediterranean
ISB001_ISB002,I,I2a1a1-M26,3460,Italy,MIS 1,Mediterranean
SUC009,I,I2a1b-M423,3421,Italy,MIS 1,Mediterranean
ISC001,I,I2a1b-M423,3794,Italy,MIS 1,Mediterranean
ORC004,I,I2a1b-M423,3020,Italy,MIS 1,Mediterranean
SID006,I,I2a1b-M423,4117,Italy,MIS 1,Mediterranean
SUC003,I,I2a1b-M423,3643,Italy,MIS 1,Mediterranean
SUC005,I,I2a1b-M423,3774,Italy,MIS 1,Mediterranean
SUC006,I,I2a1b-M423,3909,Italy,MIS 1,Mediterranean
SUC007,I,I2a1b-M423,3880,Italy,MIS 1,Mediterranean
ORC003,J,J2b2a-M241,2996,Italy,MIS 1,Mediterranean
ORC007,J,J2b2a-M241,2992,Italy,MIS 1,Mediterranean
ORC008,J,J2b2a-M241,2890,Italy,MIS 1,Mediterranean
MA138.ISR002,R,R1b-V88,2941,Italy,MIS 1,Mediterranean
MA78.SUA008,R,R1b-V88,3658,Italy,MIS 1,Mediterranean
MA87.SUA009,R,R1b-V88,2865,Italy,MIS 1,Mediterranean
SUA002,R,R1b-V88,3732,Italy,MIS 1,Mediterranean
SUA003,R,R1b-V88,2953,Italy,MIS 1,Mediterranean
SUA007,R,R1b-V88,3597,Italy,MIS 1,Mediterranean
SUA001,R,R1b-V88,3060,Italy,MIS 1,Mediterranean
MA89.CDS001,R,R1b-V88,4551,Italy,MIS 1,Mediterranean
MA110.INM001,R,R1b-V88,2941,Italy,MIS 1,Mediterranean
HQHM2,C,C2b-L1373,4000,China,MIS 1,East Asia
HQHM4,Q,Q1a-M120,4000,China,MIS 1,East Asia
I4064,C,C1a-V20,6725,Italy,MIS 1,Mediterranean
I15940,E,E1b-M35,4196,Italy,MIS 1,Mediterranean
I15942,G,G2a-L91,4288,Italy,MIS 1,Mediterranean
I14677,G,G2a-L91,4331,Italy,MIS 1,Mediterranean
I14678,G,G2a-L91,4280,Italy,MIS 1,Mediterranean
I10365,G,G2a-L91,3403,Italy,MIS 1,Mediterranean
I3125,G,G2a-P303,3509,Italy,MIS 1,Mediterranean
I3876,G,G2a-P303,2937,Italy,MIS 1,Mediterranean
I10373,G,G2a-P303,3250,Italy,MIS 1,Mediterranean
I15947,G,G2a-L30,5950,Italy,MIS 1,Mediterranean
I3642,G,G2a-L30,2997,Italy,MIS 1,Mediterranean
I10364,G,G2a-L30,2925,Italy,MIS 1,Mediterranean
I16164,G,G2a-L30,4408,Italy,MIS 1,Mediterranean
I15941,H,H2-P96,4193,Italy,MIS 1,Mediterranean
I16168,H,H2-P96,3350,Italy,MIS 1,Mediterranean
I15946,I,I2a-M223,5956,Italy,MIS 1,Mediterranean
I14675,I,I2a-M223,4009,Italy,MIS 1,Mediterranean
I14676,I,I2a-M223,4066,Italy,MIS 1,Mediterranean
I10553,J,J2b-M241,3091,Italy,MIS 1,Mediterranean
I3743,R,R1b-V88,3991,Italy,MIS 1,Mediterranean
I11443,R,R1b-S116,4141,Italy,MIS 1,Mediterranean
I3124,R,R1b-S116,3813,Italy,MIS 1,Mediterranean
I11442,R,R1b-S116,4114,Italy,MIS 1,Mediterranean
I3315,R,R1b-S116,2811,Spain,MIS 1,Mediterranean
I3123,R,R1b-DF27,4116,Italy,MIS 1,Mediterranean
I8561,R,R1b-Df27,4223,Italy,MIS 1,Mediterranean
IAM.5,E,E1b-M81,7060,Morocco,MIS 1,North Africa
TOR.5,G,G2a-P303,6060,Spain,MIS 1,Western Europe
ART015,E,E1b-M123,4557,Turkey,MIS 1,Middle East
ALX002,G,G1-M342,4950,Azerbaijan,MIS 1,Caucasus
CBT013,G,G2a-M406,4796,Turkey,MIS 1,Middle East
CBT015,G,G2a-M406,4787,Turkey,MIS 1,Middle East
CBT014,G,G2a-M406,4767,Turkey,MIS 1,Middle East
CBT005,G,G2a-M406,4713,Turkey,MIS 1,Middle East
ART024,G,G2a-M406,4614,Turkey,MIS 1,Middle East
ART014,G,G2a-M406,4573,Turkey,MIS 1,Middle East
IKI037,G,G2a-M406,4748,Turkey,MIS 1,Middle East
KRD002,G,G2a-CTS4367,6044,Turkey,MIS 1,Middle East
ETM018,G,G2-P287,3667,Syria,MIS 1,Middle East
ART004,G,G-M201,4906,Turkey,MIS 1,Middle East
ALA008,H,H2-P96,3473,Turkey,MIS 1,Middle East
ART032,H,H2-P96,4568,Turkey,MIS 1,Middle East
ART042,H,H2-P96,5014,Turkey,MIS 1,Middle East
KRD001,H,H2-P96,6783,Turkey,MIS 1,Middle East
ALA026,J,J1a-P58,3390,Turkey,MIS 1,Middle East
ALA018,J,J1a-P58,3154,Turkey,MIS 1,Middle East
ALA001,J,J1a-P58,3151,Turkey,MIS 1,Middle East
ALA035,J,J1a-P58,3543,Turkey,MIS 1,Middle East
ALA002,J,J1a-P58,3158,Turkey,MIS 1,Middle East
ETM012,J,J1a-P58,3997,Syria,MIS 1,Middle East
KRD003,J,J1-M267,6739,Turkey,MIS 1,Middle East
ART018,J,J1-M267,4573,Turkey,MIS 1,Middle East
ART027,J,J2a-M47,4546,Turkey,MIS 1,Middle East
ALA004,J,J2a-M47,3507,Turkey,MIS 1,Middle East
ART019,J,J2a-M47,4623,Turkey,MIS 1,Middle East
ART001,J,J2a-M47,3908,Turkey,MIS 1,Middle East
ART011,J,J2a-M47,4103,Turkey,MIS 1,Middle East
ART017,J,J2a-M47,4516,Turkey,MIS 1,Middle East
ALA011,J,J2a-M47,3382,Turkey,MIS 1,Middle East
ART022,J,J2a-M47,4681,Turkey,MIS 1,Middle East
ART023,J,J2a-L27,4563,Turkey,MIS 1,Middle East
ART020,J,J2a-L27,4536,Turkey,MIS 1,Middle East
IKI024,J,J2a-M410,5080,Turkey,MIS 1,Middle East
ALA014,J,J2b-M12,3392,Turkey,MIS 1,Middle East
ALA095,J,J2b-M12,3516,Turkey,MIS 1,Middle East
TIT021,J,J2b-M12,3799,Turkey,MIS 1,Middle East
ALA084,L,L2-L595,3556,Turkey,MIS 1,Middle East
ART038,R,R1b-M343,4534,Turkey,MIS 1,Middle East
ALA015,T,T1a-L162,3566,Turkey,MIS 1,Middle East
BIS130,R,R1b-M269,3800,France,MIS 1,Western Europe
EUG11,R,R1b-M269,3878,France,MIS 1,Western Europe
FAD2,R,R1b-M269,3521,France,MIS 1,Western Europe
FAD9,I,I1-M253,3700,France,MIS 1,Western Europe
OBE3626-1,R,R1b-M269,3701,France,MIS 1,Western Europe
PIR3037AB,R,R1b-M269,3900,France,MIS 1,Western Europe
PSS4170,R,R1b-L51,3977,France,MIS 1,Western Europe
QUIN58,R,R1b-M269,3200,France,MIS 1,Western Europe
RIX15,R,R1b-L51,3600,France,MIS 1,Western Europe
RIX2,R,R1b-L51,3600,France,MIS 1,Western Europe
PER3123,I,I2a2-M436,9057,France,MIS 1,Western Europe
BERG103-2,I,I2a2-M436,5710,France,MIS 1,Western Europe
BERG157-1,I,I2-M438,5900,France,MIS 1,Western Europe
BERG157-3,E,E1b-M78,5900,France,MIS 1,Western Europe
BERG157-4,E,E1b-M215,5900,France,MIS 1,Western Europe
BERG157-5,I,I2a1b-M423,5900,France,MIS 1,Western Europe
BERG157-7,I,I2a1b-M423,6048,France,MIS 1,Western Europe
BERG157-9,E,E1b-M78,5900,France,MIS 1,Western Europe
BERG746,I,I2a1b-M423,5666,France,MIS 1,Western Europe
BERG79,E,E1b-M78,5956,France,MIS 1,Western Europe
BLP10,I,I2a2a-M223,5980,France,MIS 1,Western Europe
BOU1,G,G2a-P15,5126,France,MIS 1,Western Europe
BOU11,G,G2a-FGC595,5035,France,MIS 1,Western Europe
BOU4,G,G2a-PF3147,5103,France,MIS 1,Western Europe
BOU9,G,G2a-P15,5029,France,MIS 1,Western Europe
BUCH2,H,H2-P96,6200,France,MIS 1,Western Europe
CBV95,R,R1b-M269,4574,France,MIS 1,Western Europe
CRE11A,I,I2-M438,6100,France,MIS 1,Western Europe
CRE29,I,I2a2a-M223,6071,France,MIS 1,Western Europe
CRE3,I,I2a1b-M423,6044,France,MIS 1,Western Europe
Cx161,I,I2a2-M436,6052,France,MIS 1,Western Europe
Cx19,I,I2a1b-M423,6242,France,MIS 1,Western Europe
FAD3,I,I2-M438,4917,France,MIS 1,Western Europe
LARZ4,H,H2-P96,6700,France,MIS 1,Western Europe
MDV248,H,H2-P96,6938,France,MIS 1,Western Europe
PEI2,G,G2a-PF3147,5308,France,MIS 1,Western Europe
PSS1,I,I2a2-M436,5373,France,MIS 1,Western Europe
ROS100,I,I2-M438,6635,France,MIS 1,Western Europe
ROS102,I,I2a1b-M423,6500,France,MIS 1,Western Europe
ROS115,I,I2a1b-M423,6500,France,MIS 1,Western Europe
ROS45,I,I2-M438,6655,France,MIS 1,Western Europe
ROS47,I,I2a1b-M423,6500,France,MIS 1,Western Europe
ROS57,G,G2a-P303,6500,France,MIS 1,Western Europe
ROS78,I,I2a2-M436,6500,France,MIS 1,Western Europe
VT5-7,I,I2a1b-M423,5700,France,MIS 1,Western Europe
MX150,G,G2a-L91,5102,Switzerland,MIS 1,Western Europe
Aes6,G,G2a-PF3147,4759,Switzerland,MIS 1,Western Europe
MX219,G,G2a-PF3147,5216,Switzerland,MIS 1,Western Europe
RA58,G,G2a-PF3147,4886,Switzerland,MIS 1,Western Europe
Aes1,G,G2a-L91,4917,Switzerland,MIS 1,Western Europe
Aes14,G,G2a-L91,4898,Switzerland,MIS 1,Western Europe
Aes22,G,G2a-L91,4694,Switzerland,MIS 1,Western Europe
MX182,G,G2a-L91,5031,Switzerland,MIS 1,Western Europe
MX183,G,G2a-L91,5037,Switzerland,MIS 1,Western Europe
Aes4,G,G2a-L91,4926,Switzerland,MIS 1,Western Europe
MX187,G,G2a-L91,4908,Switzerland,MIS 1,Western Europe
MX213,G,G2a-L91,4930,Switzerland,MIS 1,Western Europe
MX298,G,G2a-P303,4448,Switzerland,MIS 1,Western Europe
SX11,G,G2a-P303,6362,Switzerland,MIS 1,Western Europe
MX191,I,I2a-M423,4190,Switzerland,MIS 1,Western Europe
SX33,I,I2a-M423,6601,France,MIS 1,Western Europe
MX188,I,I2a-M423,4399,Switzerland,MIS 1,Western Europe
MX195,I,I2a-M423,4050,Switzerland,MIS 1,Western Europe
MX310,R,R1b-M343,4581,Switzerland,MIS 1,Western Europe
MX304,R,R1b-L51,4601,Switzerland,MIS 1,Western Europe
SX32,R,R1b-L51,4208,France,MIS 1,Western Europe
MX258,R,R1b-S116,3903,Germany,MIS 1,Western Europe
MX259,R,R1b-S116,4203,Germany,MIS 1,Western Europe
TU907 (SX20),R,R1b-S116,3609,Switzerland,MIS 1,Western Europe
MX252,R,R1b-U152,3774,Germany,MIS 1,Western Europe
MX275,R,R1b-U152,3961,Germany,MIS 1,Western Europe
MX283,R,R1b-U152,3926,Germany,MIS 1,Western Europe
MX288,R,R1b-U152,4028,Germany,MIS 1,Western Europe
RA63,R,R1b-U152,3946,Switzerland,MIS 1,Western Europe
91KLM2,C,C2b1a1-F3918,2300,China,MIS 1,East Asia
BLSM41,O,O2a-M324,5300,China,MIS 1,East Asia
DCZ-M21II,O,O2a2b1a1a-M133,1822,China,MIS 1,East Asia
EDM124,O,O2a-002611,3494,China,MIS 1,East Asia
HJTM107,C,C2c-F1067,3900,China,MIS 1,East Asia
HJTM109,O,O2a2b1a1-M117,3838,China,MIS 1,East Asia
JCKM1-1,O,O2a2b1a1a-M133,3834,China,MIS 1,East Asia
JXNTM2,O,O2a2b1a2-F114,3000,China,MIS 1,East Asia
LGM41,O,O2a2b1a1a-M133,2000,China,MIS 1,East Asia
LJM14,O,O2a2b1a2-F114,3800,China,MIS 1,East Asia
LJM3,O,O2a2b1a1a-M133,3913,China,MIS 1,East Asia
LJM5,O,O2a2b1a1a-M133,3800,China,MIS 1,East Asia
MZGM10-1,C,C2c-F1067,5500,China,MIS 1,East Asia
MZGM16,C,C2c-F1067,5500,China,MIS 1,East Asia
SM-SGDLM27,C,C2c-F1067,4000,China,MIS 1,East Asia
SM-SGDLM6,O,O2a2b1a1a-M133,3985,China,MIS 1,East Asia
WD-WT1H16,O,O2a2b1a2-F114,3983,China,MIS 1,East Asia
WGM94,O,O1b1-F2320,5000,China,MIS 1,East Asia
XW-M1R18,Q,Q1a1a1-M120,5937,China,MIS 1,East Asia
ZLNR-1,C,C2b1a1-F3918,1810,China,MIS 1,East Asia
BOT004,I,I-M170,7497,Germany,MIS 1,Western Europe
FLR001,H,H2-P96,6275,France,MIS 1,Western Europe
FLR002,H,H2-P96,5965,France,MIS 1,Western Europe
FLR003,G,G2a-PF3147,6495,France,MIS 1,Western Europe
FLR004,H,H2-P96,6490,France,MIS 1,Western Europe
FLR005,G,G2a-PF3147,6330,France,MIS 1,Western Europe
FLR007,G,G2a-PF3147,6335,France,MIS 1,Western Europe
FLR010,G,G2a-PF3147,6340,France,MIS 1,Western Europe
FLR014,H,H2-P96,6405,France,MIS 1,Western Europe
GRG016,G,G2a-P303,6367,France,MIS 1,Western Europe
GRG027,G,G2a-P303,6623,France,MIS 1,Western Europe
GRG057,G,G2a-P303,6546,France,MIS 1,Western Europe
HBS002,G,G2a-L30,6855,Germany,MIS 1,Western Europe
HBS007,G,G2a-PF3147,6961,Germany,MIS 1,Western Europe
LBR001,I,I2a-M223,6713,France,MIS 1,Western Europe
LBR002,I,I2a-M223,6820,France,MIS 1,Western Europe
LBR005,I,I2a-M436,6979,France,MIS 1,Western Europe
OBN004,I,I2a-M423,6499,France,MIS 1,Western Europe
OBN005,I,I2a-M423,6847,France,MIS 1,Western Europe
OBN006,C,C1a-V20,6986,France,MIS 1,Western Europe
OBN007,I,I2a-M423,6350,France,MIS 1,Western Europe
OBN011,I,I2a-M423,6533,France,MIS 1,Western Europe
PEN003,I,I2a-M423,7337,France,MIS 1,Western Europe
PRI001,I,I2a-M423,6171,France,MIS 1,Western Europe
SCH016,C,C1a-V20,7040,Germany,MIS 1,Western Europe
TGM009,I,I2c-L596,5109,Germany,MIS 1,Western Europe
XN164,H,H2-P96,7068,Germany,MIS 1,Western Europe
XN165,H,H2-P96,7063,Germany,MIS 1,Western Europe
XN167,H,H2-P96,7079,Germany,MIS 1,Western Europe
XN168,H,H2-P96,7060,Germany,MIS 1,Western Europe
XN170,H,H2-P96,6985,Germany,MIS 1,Western Europe
XN171,H,H2-P96,7066,Germany,MIS 1,Western Europe
XN173,H,H2-P96,7013,Germany,MIS 1,Western Europe
XN174,H,H2-P96,6711,Germany,MIS 1,Western Europe
XN180,H,H2-P96,7022,Germany,MIS 1,Western Europe
LUK001,E,E1b-M293,3500,Kenya,MIS 1,Sub-Saharan Africa
HYR002,E,E1b-M293,2300,Kenya,MIS 1,Sub-Saharan Africa
MOL001,E,E1b-M293,1500,Kenya,MIS 1,Sub-Saharan Africa
TAU001,E,E1b-M2,1100,Botswana,MIS 1,Sub-Saharan Africa
XAR001,E,E1b-V38,1400,Botswana,MIS 1,Sub-Saharan Africa
XAR002,E,E1b-M293,1400,Botswana,MIS 1,Sub-Saharan Africa
